time,packet_type,source,current_node,next_hop,dest,hop_count,path_type
77.10031188824317,NETWORK_REQUEST,"[0,1]",16,"[0,254]","[0,254]",,DIRECT
77.10037402835258,NETWORK_REQUEST,"[0,1]",16,"[0,254]","[0,254]",,DIRECT
77.10039399007358,NETWORK_REPLY,"[0,254]",17,"[0,1]","[0,1]",,DIRECT
77.10045613018299,NETWORK_REPLY,"[0,254]",17,"[0,1]","[0,1]",,DIRECT
97.10066904132995,NETWORK_REQUEST,"[0,2]",27,"[0,254]","[0,254]",,DIRECT
97.10073241452248,NETWORK_REPLY,"[0,254]",17,"[0,2]","[0,2]",,DIRECT
97.1009369121847,NETWORK_REQUEST,"[1,3]",35,"[1,254]","[0,254]",,TREE
97.10101544786868,NETWORK_REQUEST,"[1,3]",25,"[0,1]","[0,254]",,TREE
97.10107930929934,NETWORK_REQUEST,"[1,3]",16,"[0,254]","[0,254]",,DIRECT
97.10116141112975,NETWORK_REPLY,"[0,254]",17,"[0,1]","[1,3]",,TREE
97.10124351296017,NETWORK_REPLY,"[0,254]",16,"[1,2]","[1,3]",,TREE
97.10130737439083,NETWORK_REPLY,"[0,254]",25,"[1,3]","[1,3]",,DIRECT
103.10096137382796,NETWORK_REQUEST,"[1,4]",34,"[1,254]","[0,254]",,TREE
103.10104200715894,NETWORK_REQUEST,"[1,4]",25,"[0,1]","[0,254]",,TREE
103.1011058685896,NETWORK_REQUEST,"[1,4]",16,"[0,254]","[0,254]",,DIRECT
103.10118797042001,NETWORK_REPLY,"[0,254]",17,"[0,1]","[1,4]",,TREE
103.10127007225043,NETWORK_REPLY,"[0,254]",16,"[1,2]","[1,4]",,TREE
103.10133393368109,NETWORK_REPLY,"[0,254]",25,"[1,4]","[1,4]",,DIRECT
111.10033709024589,NETWORK_REQUEST,"[0,3]",18,"[0,254]","[0,254]",,DIRECT
111.1004232483422,NETWORK_REPLY,"[0,254]",17,"[0,3]","[0,3]",,DIRECT
117.10180886099774,NETWORK_REQUEST,"[3,4]",55,"[3,254]","[0,254]",,TREE
117.10184533144201,NETWORK_REQUEST,"[3,3]",57,"[3,254]","[0,254]",,TREE
117.10189143570025,NETWORK_REQUEST,"[3,3]",57,"[3,254]","[0,254]",,TREE
117.10189546573778,NETWORK_REQUEST,"[3,4]",46,"[1,3]","[0,254]",,TREE
117.10193072119692,NETWORK_REQUEST,"[3,3]",46,"[1,3]","[0,254]",,TREE
117.10197614163683,NETWORK_REQUEST,"[3,4]",35,"[1,254]","[0,254]",,TREE
117.10197682545517,NETWORK_REQUEST,"[3,3]",46,"[1,3]","[0,254]",,TREE
117.10201139709596,NETWORK_REQUEST,"[3,3]",35,"[1,254]","[0,254]",,TREE
117.10205467732081,NETWORK_REQUEST,"[3,4]",25,"[0,1]","[0,254]",,TREE
117.10205750135421,NETWORK_REQUEST,"[3,3]",35,"[1,254]","[0,254]",,TREE
117.10208993277995,NETWORK_REQUEST,"[3,3]",25,"[0,1]","[0,254]",,TREE
117.10211853875147,NETWORK_REQUEST,"[3,4]",16,"[0,254]","[0,254]",,DIRECT
117.10213603703819,NETWORK_REQUEST,"[3,3]",25,"[0,1]","[0,254]",,TREE
117.10215379421061,NETWORK_REQUEST,"[3,3]",16,"[0,254]","[0,254]",,DIRECT
117.10219989846885,NETWORK_REQUEST,"[3,3]",16,"[0,254]","[0,254]",,DIRECT
117.10220064058188,NETWORK_REPLY,"[0,254]",17,"[0,1]","[3,4]",,TREE
117.10223589604102,NETWORK_REPLY,"[0,254]",17,"[0,1]","[3,3]",,TREE
117.10228200029927,NETWORK_REPLY,"[0,254]",17,"[0,1]","[3,3]",,TREE
117.1022827424123,NETWORK_REPLY,"[0,254]",16,"[1,2]","[3,4]",,TREE
117.10231799787144,NETWORK_REPLY,"[0,254]",16,"[1,2]","[3,3]",,TREE
117.10234660384296,NETWORK_REPLY,"[0,254]",25,"[1,3]","[3,4]",,TREE
117.10236410212968,NETWORK_REPLY,"[0,254]",16,"[1,2]","[3,3]",,TREE
117.1023818593021,NETWORK_REPLY,"[0,254]",25,"[1,3]","[3,3]",,TREE
117.10242513952694,NETWORK_REPLY,"[0,254]",35,"[3,1]","[3,4]",,TREE
117.10242796356034,NETWORK_REPLY,"[0,254]",25,"[1,3]","[3,3]",,TREE
117.10246039498608,NETWORK_REPLY,"[0,254]",35,"[3,1]","[3,3]",,TREE
117.10250581542599,NETWORK_REPLY,"[0,254]",46,"[3,4]","[3,4]",,DIRECT
117.10250649924433,NETWORK_REPLY,"[0,254]",35,"[3,1]","[3,3]",,TREE
117.10254107088512,NETWORK_REPLY,"[0,254]",46,"[3,3]","[3,3]",,DIRECT
117.10258717514337,NETWORK_REPLY,"[0,254]",46,"[3,3]","[3,3]",,DIRECT
123.10177199709786,NETWORK_REQUEST,"[4,2]",43,"[4,254]","[0,254]",,TREE
123.10180096010542,NETWORK_REQUEST,"[4,2]",33,"[1,4]","[0,254]",,TREE
123.10184122025228,NETWORK_REQUEST,"[4,3]",32,"[4,254]","[0,254]",,TREE
123.10187421466506,NETWORK_REQUEST,"[4,3]",32,"[4,254]","[0,254]",,TREE
123.1018907203556,NETWORK_REQUEST,"[4,2]",34,"[1,254]","[0,254]",,TREE
123.1019095299631,NETWORK_REQUEST,"[4,3]",33,"[1,4]","[0,254]",,TREE
123.10194252437587,NETWORK_REQUEST,"[4,3]",33,"[1,4]","[0,254]",,TREE
123.10197135368658,NETWORK_REQUEST,"[4,2]",25,"[0,1]","[0,254]",,TREE
123.10199929021327,NETWORK_REQUEST,"[4,3]",34,"[1,254]","[0,254]",,TREE
123.10203228462605,NETWORK_REQUEST,"[4,3]",34,"[1,254]","[0,254]",,TREE
123.10203521511724,NETWORK_REQUEST,"[4,2]",16,"[0,254]","[0,254]",,DIRECT
123.10207992354425,NETWORK_REQUEST,"[4,3]",25,"[0,1]","[0,254]",,TREE
123.10211291795703,NETWORK_REQUEST,"[4,3]",25,"[0,1]","[0,254]",,TREE
123.10211731694766,NETWORK_REPLY,"[0,254]",17,"[0,1]","[4,2]",,TREE
123.10214378497491,NETWORK_REQUEST,"[4,3]",16,"[0,254]","[0,254]",,DIRECT
123.10217677938769,NETWORK_REQUEST,"[4,3]",16,"[0,254]","[0,254]",,DIRECT
123.10219941877807,NETWORK_REPLY,"[0,254]",16,"[1,2]","[4,2]",,TREE
123.10222588680533,NETWORK_REPLY,"[0,254]",17,"[0,1]","[4,3]",,TREE
123.1022588812181,NETWORK_REPLY,"[0,254]",17,"[0,1]","[4,3]",,TREE
123.10226328020873,NETWORK_REPLY,"[0,254]",25,"[1,4]","[4,2]",,TREE
123.10230798863574,NETWORK_REPLY,"[0,254]",16,"[1,2]","[4,3]",,TREE
123.10234098304852,NETWORK_REPLY,"[0,254]",16,"[1,2]","[4,3]",,TREE
123.10234391353971,NETWORK_REPLY,"[0,254]",34,"[4,1]","[4,2]",,TREE
123.1023718500664,NETWORK_REPLY,"[0,254]",25,"[1,4]","[4,3]",,TREE
123.10240484447918,NETWORK_REPLY,"[0,254]",25,"[1,4]","[4,3]",,TREE
123.10243367378989,NETWORK_REPLY,"[0,254]",33,"[4,2]","[4,2]",,DIRECT
123.10245248339739,NETWORK_REPLY,"[0,254]",34,"[4,1]","[4,3]",,TREE
123.10248547781016,NETWORK_REPLY,"[0,254]",34,"[4,1]","[4,3]",,TREE
123.10254224364756,NETWORK_REPLY,"[0,254]",33,"[4,3]","[4,3]",,DIRECT
123.10257523806034,NETWORK_REPLY,"[0,254]",33,"[4,3]","[4,3]",,DIRECT
137.10295259359924,NETWORK_REQUEST,"[6,2]",75,"[6,254]","[0,254]",,TREE
137.1029772011095,NETWORK_REQUEST,"[6,2]",75,"[6,254]","[0,254]",,TREE
137.10299772160954,NETWORK_REQUEST,"[6,2]",75,"[6,254]","[0,254]",,TREE
137.10302661204292,NETWORK_REQUEST,"[6,2]",65,"[3,4]","[0,254]",,TREE
137.10305121955318,NETWORK_REQUEST,"[6,2]",65,"[3,4]","[0,254]",,TREE
137.10306026992734,NETWORK_REQUEST,"[7,3]",58,"[7,254]","[0,254]",,TREE
137.10307174005322,NETWORK_REQUEST,"[6,2]",65,"[3,4]","[0,254]",,TREE
137.10307840045883,NETWORK_REQUEST,"[7,3]",58,"[7,254]","[0,254]",,TREE
137.10307866518858,NETWORK_REQUEST,"[6,2]",55,"[3,254]","[0,254]",,TREE
137.10310327269883,NETWORK_REQUEST,"[6,2]",55,"[3,254]","[0,254]",,TREE
137.10311028203793,NETWORK_REQUEST,"[7,3]",58,"[7,254]","[0,254]",,TREE
137.10311039579653,NETWORK_REQUEST,"[7,4]",77,"[7,254]","[0,254]",,TREE
137.10312379319888,NETWORK_REQUEST,"[6,2]",55,"[3,254]","[0,254]",,TREE
137.10312859033087,NETWORK_REQUEST,"[7,4]",77,"[7,254]","[0,254]",,TREE
137.1031378339253,NETWORK_REQUEST,"[7,3]",67,"[3,3]","[0,254]",,TREE
137.1031559644568,NETWORK_REQUEST,"[7,3]",67,"[3,3]","[0,254]",,TREE
137.10316526992864,NETWORK_REQUEST,"[6,2]",46,"[1,3]","[0,254]",,TREE
137.1031878460359,NETWORK_REQUEST,"[7,3]",67,"[3,3]","[0,254]",,TREE
137.1031898774389,NETWORK_REQUEST,"[6,2]",46,"[1,3]","[0,254]",,TREE
137.10319772961358,NETWORK_REQUEST,"[7,4]",67,"[3,3]","[0,254]",,TREE
137.10321039793894,NETWORK_REQUEST,"[6,2]",46,"[1,3]","[0,254]",,TREE
137.10321592414792,NETWORK_REQUEST,"[7,4]",67,"[3,3]","[0,254]",,TREE
137.10322217415614,NETWORK_REQUEST,"[7,3]",57,"[3,254]","[0,254]",,TREE
137.10324030468763,NETWORK_REQUEST,"[7,3]",57,"[3,254]","[0,254]",,TREE
137.1032459458277,NETWORK_REQUEST,"[6,2]",35,"[1,254]","[0,254]",,TREE
137.10327055333795,NETWORK_REQUEST,"[6,2]",35,"[1,254]","[0,254]",,TREE
137.10327218626674,NETWORK_REQUEST,"[7,3]",57,"[3,254]","[0,254]",,TREE
137.10328206984443,NETWORK_REQUEST,"[7,4]",57,"[3,254]","[0,254]",,TREE
137.103291073838,NETWORK_REQUEST,"[6,2]",35,"[1,254]","[0,254]",,TREE
137.10330026437876,NETWORK_REQUEST,"[7,4]",57,"[3,254]","[0,254]",,TREE
137.10330756391107,NETWORK_REQUEST,"[7,3]",46,"[1,3]","[0,254]",,TREE
137.1033244815117,NETWORK_REQUEST,"[6,2]",25,"[0,1]","[0,254]",,TREE
137.10332569444256,NETWORK_REQUEST,"[7,3]",46,"[1,3]","[0,254]",,TREE
137.10334908902195,NETWORK_REQUEST,"[6,2]",25,"[0,1]","[0,254]",,TREE
137.10335757602166,NETWORK_REQUEST,"[7,3]",46,"[1,3]","[0,254]",,TREE
137.10336745959935,NETWORK_REQUEST,"[7,4]",46,"[1,3]","[0,254]",,TREE
137.103369609522,NETWORK_REQUEST,"[6,2]",25,"[0,1]","[0,254]",,TREE
137.1033856541337,NETWORK_REQUEST,"[7,4]",46,"[1,3]","[0,254]",,TREE
137.10338823981013,NETWORK_REQUEST,"[7,3]",35,"[1,254]","[0,254]",,TREE
137.10338834294234,NETWORK_REQUEST,"[6,2]",16,"[0,254]","[0,254]",,DIRECT
137.10340637034162,NETWORK_REQUEST,"[7,3]",35,"[1,254]","[0,254]",,TREE
137.1034129504526,NETWORK_REQUEST,"[6,2]",16,"[0,254]","[0,254]",,DIRECT
137.10343347095264,NETWORK_REQUEST,"[6,2]",16,"[0,254]","[0,254]",,DIRECT
137.10343825192072,NETWORK_REQUEST,"[7,3]",35,"[1,254]","[0,254]",,TREE
137.1034481354984,NETWORK_REQUEST,"[7,4]",35,"[1,254]","[0,254]",,TREE
137.10346633003275,NETWORK_REQUEST,"[7,4]",35,"[1,254]","[0,254]",,TREE
137.10346677549413,NETWORK_REQUEST,"[7,3]",25,"[0,1]","[0,254]",,TREE
137.10347044477274,NETWORK_REPLY,"[0,254]",17,"[0,1]","[6,2]",,TREE
137.1034849060256,NETWORK_REQUEST,"[7,3]",25,"[0,1]","[0,254]",,TREE
137.103495052283,NETWORK_REPLY,"[0,254]",17,"[0,1]","[6,2]",,TREE
137.10351557278304,NETWORK_REPLY,"[0,254]",17,"[0,1]","[6,2]",,TREE
137.10351678760472,NETWORK_REQUEST,"[7,3]",25,"[0,1]","[0,254]",,TREE
137.1035266711824,NETWORK_REQUEST,"[7,4]",25,"[0,1]","[0,254]",,TREE
137.10353063692477,NETWORK_REQUEST,"[7,3]",16,"[0,254]","[0,254]",,DIRECT
137.10354486571674,NETWORK_REQUEST,"[7,4]",25,"[0,1]","[0,254]",,TREE
137.10354876745626,NETWORK_REQUEST,"[7,3]",16,"[0,254]","[0,254]",,DIRECT
137.10355254660314,NETWORK_REPLY,"[0,254]",16,"[1,2]","[6,2]",,TREE
137.1035771541134,NETWORK_REPLY,"[0,254]",16,"[1,2]","[6,2]",,TREE
137.10358064903537,NETWORK_REQUEST,"[7,3]",16,"[0,254]","[0,254]",,DIRECT
137.10359053261305,NETWORK_REQUEST,"[7,4]",16,"[0,254]","[0,254]",,DIRECT
137.10359767461344,NETWORK_REPLY,"[0,254]",16,"[1,2]","[6,2]",,TREE
137.1036087271474,NETWORK_REQUEST,"[7,4]",16,"[0,254]","[0,254]",,DIRECT
137.10361273875517,NETWORK_REPLY,"[0,254]",17,"[0,1]","[7,3]",,TREE
137.1036164080338,NETWORK_REPLY,"[0,254]",25,"[1,3]","[6,2]",,TREE
137.10363086928666,NETWORK_REPLY,"[0,254]",17,"[0,1]","[7,3]",,TREE
137.10364101554404,NETWORK_REPLY,"[0,254]",25,"[1,3]","[6,2]",,TREE
137.1036615360441,NETWORK_REPLY,"[0,254]",25,"[1,3]","[6,2]",,TREE
137.10366275086577,NETWORK_REPLY,"[0,254]",17,"[0,1]","[7,3]",,TREE
137.10367263444346,NETWORK_REPLY,"[0,254]",17,"[0,1]","[7,4]",,TREE
137.1036908289778,NETWORK_REPLY,"[0,254]",17,"[0,1]","[7,4]",,TREE
137.10369484058558,NETWORK_REPLY,"[0,254]",16,"[1,2]","[7,3]",,TREE
137.10369494371778,NETWORK_REPLY,"[0,254]",35,"[3,1]","[6,2]",,TREE
137.10371297111706,NETWORK_REPLY,"[0,254]",16,"[1,2]","[7,3]",,TREE
137.10371955122804,NETWORK_REPLY,"[0,254]",35,"[3,1]","[6,2]",,TREE
137.10374007172808,NETWORK_REPLY,"[0,254]",35,"[3,1]","[6,2]",,TREE
137.10374485269617,NETWORK_REPLY,"[0,254]",16,"[1,2]","[7,3]",,TREE
137.10375473627386,NETWORK_REPLY,"[0,254]",16,"[1,2]","[7,4]",,TREE
137.10375870201622,NETWORK_REPLY,"[0,254]",25,"[1,3]","[7,3]",,TREE
137.1037729308082,NETWORK_REPLY,"[0,254]",16,"[1,2]","[7,4]",,TREE
137.10377561961684,NETWORK_REPLY,"[0,254]",46,"[3,4]","[6,2]",,TREE
137.1037768325477,NETWORK_REPLY,"[0,254]",25,"[1,3]","[7,3]",,TREE
137.1038002271271,NETWORK_REPLY,"[0,254]",46,"[3,4]","[6,2]",,TREE
137.1038087141268,NETWORK_REPLY,"[0,254]",25,"[1,3]","[7,3]",,TREE
137.1038185977045,NETWORK_REPLY,"[0,254]",25,"[1,3]","[7,4]",,TREE
137.10382074762714,NETWORK_REPLY,"[0,254]",46,"[3,4]","[6,2]",,TREE
137.10383679223884,NETWORK_REPLY,"[0,254]",25,"[1,3]","[7,4]",,TREE
137.10383723770022,NETWORK_REPLY,"[0,254]",35,"[3,1]","[7,3]",,TREE
137.1038553682317,NETWORK_REPLY,"[0,254]",35,"[3,1]","[7,3]",,TREE
137.1038622243569,NETWORK_REPLY,"[0,254]",55,"[6,1]","[6,2]",,TREE
137.10388683186716,NETWORK_REPLY,"[0,254]",55,"[6,1]","[6,2]",,TREE
137.1038872498108,NETWORK_REPLY,"[0,254]",35,"[3,1]","[7,3]",,TREE
137.1038971333885,NETWORK_REPLY,"[0,254]",35,"[3,1]","[7,4]",,TREE
137.1039073523672,NETWORK_REPLY,"[0,254]",55,"[6,1]","[6,2]",,TREE
137.10391427750255,NETWORK_REPLY,"[0,254]",65,"[6,2]","[6,2]",,DIRECT
137.10391532792283,NETWORK_REPLY,"[0,254]",35,"[3,1]","[7,4]",,TREE
137.10391791359928,NETWORK_REPLY,"[0,254]",46,"[3,3]","[7,3]",,TREE
137.10393604413076,NETWORK_REPLY,"[0,254]",46,"[3,3]","[7,3]",,TREE
137.1039388850128,NETWORK_REPLY,"[0,254]",65,"[6,2]","[6,2]",,DIRECT
137.10395940551285,NETWORK_REPLY,"[0,254]",65,"[6,2]","[6,2]",,DIRECT
137.10396792570987,NETWORK_REPLY,"[0,254]",46,"[3,3]","[7,3]",,TREE
137.10397780928756,NETWORK_REPLY,"[0,254]",46,"[3,3]","[7,4]",,TREE
137.1039960038219,NETWORK_REPLY,"[0,254]",46,"[3,3]","[7,4]",,TREE
137.1040033033542,NETWORK_REPLY,"[0,254]",57,"[7,2]","[7,3]",,TREE
137.1040214338857,NETWORK_REPLY,"[0,254]",57,"[7,2]","[7,3]",,TREE
137.1040533154648,NETWORK_REPLY,"[0,254]",57,"[7,2]","[7,3]",,TREE
137.10406319904249,NETWORK_REPLY,"[0,254]",57,"[7,2]","[7,4]",,TREE
137.10408139357682,NETWORK_REPLY,"[0,254]",57,"[7,2]","[7,4]",,TREE
137.10408764358505,NETWORK_REPLY,"[0,254]",67,"[7,3]","[7,3]",,DIRECT
137.10410577411653,NETWORK_REPLY,"[0,254]",67,"[7,3]","[7,3]",,DIRECT
137.10413765569564,NETWORK_REPLY,"[0,254]",67,"[7,3]","[7,3]",,DIRECT
137.10414753927333,NETWORK_REPLY,"[0,254]",67,"[7,4]","[7,4]",,DIRECT
137.10416573380766,NETWORK_REPLY,"[0,254]",67,"[7,4]","[7,4]",,DIRECT
143.10277752887995,NETWORK_REQUEST,"[8,2]",63,"[8,254]","[0,254]",,TREE
143.10281339688433,NETWORK_REQUEST,"[8,2]",63,"[8,254]","[0,254]",,TREE
143.10282016920192,NETWORK_REQUEST,"[8,2]",53,"[4,2]","[0,254]",,TREE
143.1028560372063,NETWORK_REQUEST,"[8,2]",53,"[4,2]","[0,254]",,TREE
143.10291055960838,NETWORK_REQUEST,"[8,2]",43,"[4,254]","[0,254]",,TREE
143.10293952261594,NETWORK_REQUEST,"[8,2]",33,"[1,4]","[0,254]",,TREE
143.10294642761275,NETWORK_REQUEST,"[8,2]",43,"[4,254]","[0,254]",,TREE
143.10297539062032,NETWORK_REQUEST,"[8,2]",33,"[1,4]","[0,254]",,TREE
143.10298221260194,NETWORK_REQUEST,"[9,4]",12,"[9,254]","[0,254]",,TREE
143.1030249162198,NETWORK_REQUEST,"[9,3]",13,"[9,254]","[0,254]",,TREE
143.10302928286612,NETWORK_REQUEST,"[8,2]",34,"[1,254]","[0,254]",,TREE
143.10305509930126,NETWORK_REQUEST,"[9,4]",12,"[9,254]","[0,254]",,TREE
143.10305890080176,NETWORK_REQUEST,"[9,4]",23,"[4,3]","[0,254]",,TREE
143.1030651508705,NETWORK_REQUEST,"[8,2]",34,"[1,254]","[0,254]",,TREE
143.1030779763857,NETWORK_REQUEST,"[9,3]",23,"[4,3]","[0,254]",,TREE
143.1031099161971,NETWORK_REQUEST,"[8,2]",25,"[0,1]","[0,254]",,TREE
143.10313178750107,NETWORK_REQUEST,"[9,4]",23,"[4,3]","[0,254]",,TREE
143.10314137993694,NETWORK_REQUEST,"[9,4]",32,"[4,254]","[0,254]",,TREE
143.10314578420147,NETWORK_REQUEST,"[8,2]",25,"[0,1]","[0,254]",,TREE
143.10316045552088,NETWORK_REQUEST,"[9,3]",32,"[4,254]","[0,254]",,TREE
143.10317377762775,NETWORK_REQUEST,"[8,2]",16,"[0,254]","[0,254]",,DIRECT
143.10320964563212,NETWORK_REQUEST,"[8,2]",16,"[0,254]","[0,254]",,DIRECT
143.10320968964777,NETWORK_REQUEST,"[9,4]",33,"[1,4]","[0,254]",,TREE
143.10321426663626,NETWORK_REQUEST,"[9,4]",32,"[4,254]","[0,254]",,TREE
143.1032287652317,NETWORK_REQUEST,"[9,3]",33,"[1,4]","[0,254]",,TREE
143.10325587945815,NETWORK_REPLY,"[0,254]",17,"[0,1]","[8,2]",,TREE
143.10328257634708,NETWORK_REQUEST,"[9,4]",33,"[1,4]","[0,254]",,TREE
143.10329174746252,NETWORK_REPLY,"[0,254]",17,"[0,1]","[8,2]",,TREE
143.10329944989795,NETWORK_REQUEST,"[9,4]",34,"[1,254]","[0,254]",,TREE
143.10331852548188,NETWORK_REQUEST,"[9,3]",34,"[1,254]","[0,254]",,TREE
143.10333798128855,NETWORK_REPLY,"[0,254]",16,"[1,2]","[8,2]",,TREE
143.10337233659726,NETWORK_REQUEST,"[9,4]",34,"[1,254]","[0,254]",,TREE
143.10337384929292,NETWORK_REPLY,"[0,254]",16,"[1,2]","[8,2]",,TREE
143.10338008322893,NETWORK_REQUEST,"[9,4]",25,"[0,1]","[0,254]",,TREE
143.10339915881286,NETWORK_REQUEST,"[9,3]",25,"[0,1]","[0,254]",,TREE
143.1034018427192,NETWORK_REPLY,"[0,254]",25,"[1,4]","[8,2]",,TREE
143.10343771072357,NETWORK_REPLY,"[0,254]",25,"[1,4]","[8,2]",,TREE
143.10344394465957,NETWORK_REQUEST,"[9,4]",16,"[0,254]","[0,254]",,DIRECT
143.10345296992824,NETWORK_REQUEST,"[9,4]",25,"[0,1]","[0,254]",,TREE
143.1034630202435,NETWORK_REQUEST,"[9,3]",16,"[0,254]","[0,254]",,DIRECT
143.10348247605017,NETWORK_REPLY,"[0,254]",34,"[4,1]","[8,2]",,TREE
143.1035168313589,NETWORK_REQUEST,"[9,4]",16,"[0,254]","[0,254]",,DIRECT
143.10351834405455,NETWORK_REPLY,"[0,254]",34,"[4,1]","[8,2]",,TREE
143.10352604648997,NETWORK_REPLY,"[0,254]",17,"[0,1]","[9,4]",,TREE
143.1035451220739,NETWORK_REPLY,"[0,254]",17,"[0,1]","[9,3]",,TREE
143.10357223630035,NETWORK_REPLY,"[0,254]",33,"[4,2]","[8,2]",,TREE
143.1035989331893,NETWORK_REPLY,"[0,254]",17,"[0,1]","[9,4]",,TREE
143.10360119930792,NETWORK_REPLY,"[0,254]",43,"[8,1]","[8,2]",,TREE
143.10360810430473,NETWORK_REPLY,"[0,254]",33,"[4,2]","[8,2]",,TREE
143.10360814832038,NETWORK_REPLY,"[0,254]",16,"[1,2]","[9,4]",,TREE
143.1036272239043,NETWORK_REPLY,"[0,254]",16,"[1,2]","[9,3]",,TREE
143.1036370673123,NETWORK_REPLY,"[0,254]",43,"[8,1]","[8,2]",,TREE
143.10367200975102,NETWORK_REPLY,"[0,254]",25,"[1,4]","[9,4]",,TREE
143.1036810350197,NETWORK_REPLY,"[0,254]",16,"[1,2]","[9,4]",,TREE
143.10369108533496,NETWORK_REPLY,"[0,254]",25,"[1,4]","[9,3]",,TREE
143.10369158971437,NETWORK_REPLY,"[0,254]",53,"[8,2]","[8,2]",,DIRECT
143.10372745771875,NETWORK_REPLY,"[0,254]",53,"[8,2]","[8,2]",,DIRECT
143.10374489645034,NETWORK_REPLY,"[0,254]",25,"[1,4]","[9,4]",,TREE
143.103752643082,NETWORK_REPLY,"[0,254]",34,"[4,1]","[9,4]",,TREE
143.10377171866594,NETWORK_REPLY,"[0,254]",34,"[4,1]","[9,3]",,TREE
143.10382552978132,NETWORK_REPLY,"[0,254]",34,"[4,1]","[9,4]",,TREE
143.10384240333218,NETWORK_REPLY,"[0,254]",33,"[4,3]","[9,4]",,TREE
143.10386147891612,NETWORK_REPLY,"[0,254]",33,"[4,3]","[9,3]",,TREE
143.103910713043,NETWORK_REPLY,"[0,254]",32,"[9,2]","[9,4]",,TREE
143.1039152900315,NETWORK_REPLY,"[0,254]",33,"[4,3]","[9,4]",,TREE
143.10392978862694,NETWORK_REPLY,"[0,254]",32,"[9,2]","[9,3]",,TREE
143.10398359974232,NETWORK_REPLY,"[0,254]",32,"[9,2]","[9,4]",,TREE
143.1039931921782,NETWORK_REPLY,"[0,254]",23,"[9,4]","[9,4]",,DIRECT
143.10401226776213,NETWORK_REPLY,"[0,254]",23,"[9,3]","[9,3]",,DIRECT
143.1040660788775,NETWORK_REPLY,"[0,254]",23,"[9,4]","[9,4]",,DIRECT
154.10186205096005,NETWORK_REQUEST,"[14,3]",21,"[14,254]","[0,254]",,TREE
154.1019298524414,NETWORK_REQUEST,"[14,3]",11,"[9,4]","[0,254]",,TREE
154.10199585354553,NETWORK_REQUEST,"[14,3]",12,"[9,254]","[0,254]",,TREE
154.10207254174534,NETWORK_REQUEST,"[14,3]",23,"[4,3]","[0,254]",,TREE
154.10215502088053,NETWORK_REQUEST,"[14,3]",32,"[4,254]","[0,254]",,TREE
154.10222333059136,NETWORK_REQUEST,"[14,3]",33,"[1,4]","[0,254]",,TREE
154.10231309084153,NETWORK_REQUEST,"[14,3]",34,"[1,254]","[0,254]",,TREE
154.10239372417252,NETWORK_REQUEST,"[14,3]",25,"[0,1]","[0,254]",,TREE
154.10245758560316,NETWORK_REQUEST,"[14,3]",16,"[0,254]","[0,254]",,DIRECT
154.10253968743356,NETWORK_REPLY,"[0,254]",17,"[0,1]","[14,3]",,TREE
154.10262178926396,NETWORK_REPLY,"[0,254]",16,"[1,2]","[14,3]",,TREE
154.1026856506946,NETWORK_REPLY,"[0,254]",25,"[1,4]","[14,3]",,TREE
154.1027662840256,NETWORK_REPLY,"[0,254]",34,"[4,1]","[14,3]",,TREE
154.10285604427577,NETWORK_REPLY,"[0,254]",33,"[4,3]","[14,3]",,TREE
154.1029243539866,NETWORK_REPLY,"[0,254]",32,"[9,2]","[14,3]",,TREE
154.10300683312178,NETWORK_REPLY,"[0,254]",23,"[9,4]","[14,3]",,TREE
154.1030835213216,NETWORK_REPLY,"[0,254]",12,"[14,2]","[14,3]",,TREE
154.10314952242572,NETWORK_REPLY,"[0,254]",11,"[14,3]","[14,3]",,DIRECT
157.10184729267857,NETWORK_REQUEST,"[5,3]",38,"[5,254]","[0,254]",,TREE
157.1019299178596,NETWORK_REQUEST,"[5,3]",28,"[0,3]","[0,254]",,TREE
157.10199344205822,NETWORK_REQUEST,"[5,3]",18,"[0,254]","[0,254]",,DIRECT
157.10207960015452,NETWORK_REPLY,"[0,254]",17,"[0,3]","[5,3]",,TREE
157.10216575825083,NETWORK_REPLY,"[0,254]",18,"[5,1]","[5,3]",,TREE
157.10222928244946,NETWORK_REPLY,"[0,254]",28,"[5,3]","[5,3]",,DIRECT
157.10464859468019,NETWORK_REQUEST,"[12,3]",98,"[12,254]","[0,254]",,TREE
157.10473646807557,NETWORK_REQUEST,"[12,3]",88,"[7,4]","[0,254]",,TREE
157.10481436208,NETWORK_REQUEST,"[12,3]",77,"[7,254]","[0,254]",,TREE
157.10490169589704,NETWORK_REQUEST,"[12,3]",67,"[3,3]","[0,254]",,TREE
157.10498603612788,NETWORK_REQUEST,"[12,3]",57,"[3,254]","[0,254]",,TREE
157.1050714258828,NETWORK_REQUEST,"[12,3]",46,"[1,3]","[0,254]",,TREE
157.10515210178187,NETWORK_REQUEST,"[12,3]",35,"[1,254]","[0,254]",,TREE
157.10523063746587,NETWORK_REQUEST,"[12,3]",25,"[0,1]","[0,254]",,TREE
157.1052944988965,NETWORK_REQUEST,"[12,3]",16,"[0,254]","[0,254]",,DIRECT
157.1053766007269,NETWORK_REPLY,"[0,254]",17,"[0,1]","[12,3]",,TREE
157.1054587025573,NETWORK_REPLY,"[0,254]",16,"[1,2]","[12,3]",,TREE
157.10552256398796,NETWORK_REPLY,"[0,254]",25,"[1,3]","[12,3]",,TREE
157.10560109967196,NETWORK_REPLY,"[0,254]",35,"[3,1]","[12,3]",,TREE
157.10568177557101,NETWORK_REPLY,"[0,254]",46,"[3,3]","[12,3]",,TREE
157.10576716532594,NETWORK_REPLY,"[0,254]",57,"[7,2]","[12,3]",,TREE
157.10585150555679,NETWORK_REPLY,"[0,254]",67,"[7,4]","[12,3]",,TREE
157.10593883937383,NETWORK_REPLY,"[0,254]",77,"[12,2]","[12,3]",,TREE
157.10601673337825,NETWORK_REPLY,"[0,254]",88,"[12,3]","[12,3]",,DIRECT
163.10444881023193,NETWORK_REQUEST,"[1,6]",15,"[1,254]","[0,254]",,TREE
163.10452028616504,NETWORK_REQUEST,"[1,6]",25,"[0,1]","[0,254]",,TREE
163.1045841475957,NETWORK_REQUEST,"[1,6]",16,"[0,254]","[0,254]",,DIRECT
163.1046662494261,NETWORK_REPLY,"[0,254]",17,"[0,1]","[1,6]",,TREE
163.1047483512565,NETWORK_REPLY,"[0,254]",16,"[1,6]","[1,6]",,DIRECT
168.104434016743,NETWORK_REQUEST,"[13,3]",83,"[13,254]","[0,254]",,TREE
168.10451660258397,NETWORK_REQUEST,"[13,3]",73,"[8,2]","[0,254]",,TREE
168.10458282694123,NETWORK_REQUEST,"[13,3]",63,"[8,254]","[0,254]",,TREE
168.1046254672632,NETWORK_REQUEST,"[13,3]",53,"[4,2]","[0,254]",,TREE
168.10471585766965,NETWORK_REQUEST,"[13,3]",43,"[4,254]","[0,254]",,TREE
168.1047448206772,NETWORK_REQUEST,"[13,3]",33,"[1,4]","[0,254]",,TREE
168.1048345809274,NETWORK_REQUEST,"[13,3]",34,"[1,254]","[0,254]",,TREE
168.10491521425837,NETWORK_REQUEST,"[13,3]",25,"[0,1]","[0,254]",,TREE
168.10497907568902,NETWORK_REQUEST,"[13,3]",16,"[0,254]","[0,254]",,DIRECT
168.10506117751942,NETWORK_REPLY,"[0,254]",17,"[0,1]","[13,3]",,TREE
168.10514327934982,NETWORK_REPLY,"[0,254]",16,"[1,2]","[13,3]",,TREE
168.10520714078046,NETWORK_REPLY,"[0,254]",25,"[1,4]","[13,3]",,TREE
168.10528777411145,NETWORK_REPLY,"[0,254]",34,"[4,1]","[13,3]",,TREE
168.10537753436162,NETWORK_REPLY,"[0,254]",33,"[4,2]","[13,3]",,TREE
168.1054064973692,NETWORK_REPLY,"[0,254]",43,"[8,1]","[13,3]",,TREE
168.10549688777564,NETWORK_REPLY,"[0,254]",53,"[8,2]","[13,3]",,TREE
168.1055395280976,NETWORK_REPLY,"[0,254]",63,"[13,2]","[13,3]",,TREE
168.10560575245486,NETWORK_REPLY,"[0,254]",73,"[13,3]","[13,3]",,DIRECT
172.75199796707648,NETWORK_REQUEST,"[14,4]",10,"[14,254]","[0,254]",,TREE
172.75208427791395,NETWORK_REQUEST,"[14,4]",11,"[9,4]","[0,254]",,TREE
172.75215027901808,NETWORK_REQUEST,"[14,4]",12,"[9,254]","[0,254]",,TREE
172.7522269672179,NETWORK_REQUEST,"[14,4]",23,"[4,3]","[0,254]",,TREE
172.75230944635308,NETWORK_REQUEST,"[14,4]",32,"[4,254]","[0,254]",,TREE
172.7523777560639,NETWORK_REQUEST,"[14,4]",33,"[1,4]","[0,254]",,TREE
172.75246751631408,NETWORK_REQUEST,"[14,4]",34,"[1,254]","[0,254]",,TREE
172.75254814964507,NETWORK_REQUEST,"[14,4]",25,"[0,1]","[0,254]",,TREE
172.7526120110757,NETWORK_REQUEST,"[14,4]",16,"[0,254]","[0,254]",,DIRECT
172.7526941129061,NETWORK_REPLY,"[0,254]",17,"[0,1]","[14,4]",,TREE
172.7527762147365,NETWORK_REPLY,"[0,254]",16,"[1,2]","[14,4]",,TREE
172.75284007616716,NETWORK_REPLY,"[0,254]",25,"[1,4]","[14,4]",,TREE
172.75292070949814,NETWORK_REPLY,"[0,254]",34,"[4,1]","[14,4]",,TREE
172.75301046974832,NETWORK_REPLY,"[0,254]",33,"[4,3]","[14,4]",,TREE
172.75307877945914,NETWORK_REPLY,"[0,254]",32,"[9,2]","[14,4]",,TREE
172.75316125859433,NETWORK_REPLY,"[0,254]",23,"[9,4]","[14,4]",,TREE
172.75323794679414,NETWORK_REPLY,"[0,254]",12,"[14,2]","[14,4]",,TREE
172.75330394789827,NETWORK_REPLY,"[0,254]",11,"[14,4]","[14,4]",,DIRECT
173.10304265676643,NETWORK_REQUEST,"[16,2]",40,"[16,254]","[0,254]",,TREE
173.10311140181096,NETWORK_REQUEST,"[16,2]",31,"[14,3]","[0,254]",,TREE
173.10319821444753,NETWORK_REQUEST,"[16,2]",21,"[14,254]","[0,254]",,TREE
173.10326601592888,NETWORK_REQUEST,"[16,2]",11,"[9,4]","[0,254]",,TREE
173.103332017033,NETWORK_REQUEST,"[16,2]",12,"[9,254]","[0,254]",,TREE
173.10340870523282,NETWORK_REQUEST,"[16,2]",23,"[4,3]","[0,254]",,TREE
173.103491184368,NETWORK_REQUEST,"[16,2]",32,"[4,254]","[0,254]",,TREE
173.10355949407884,NETWORK_REQUEST,"[16,2]",33,"[1,4]","[0,254]",,TREE
173.103649254329,NETWORK_REQUEST,"[16,2]",34,"[1,254]","[0,254]",,TREE
173.10372988766,NETWORK_REQUEST,"[16,2]",25,"[0,1]","[0,254]",,TREE
173.10379374909064,NETWORK_REQUEST,"[16,2]",16,"[0,254]","[0,254]",,DIRECT
173.10387585092104,NETWORK_REPLY,"[0,254]",17,"[0,1]","[16,2]",,TREE
173.10395795275144,NETWORK_REPLY,"[0,254]",16,"[1,2]","[16,2]",,TREE
173.1040218141821,NETWORK_REPLY,"[0,254]",25,"[1,4]","[16,2]",,TREE
173.10410244751307,NETWORK_REPLY,"[0,254]",34,"[4,1]","[16,2]",,TREE
173.10419220776325,NETWORK_REPLY,"[0,254]",33,"[4,3]","[16,2]",,TREE
173.10426051747407,NETWORK_REPLY,"[0,254]",32,"[9,2]","[16,2]",,TREE
173.10434299660926,NETWORK_REPLY,"[0,254]",23,"[9,4]","[16,2]",,TREE
173.10441968480907,NETWORK_REPLY,"[0,254]",12,"[14,2]","[16,2]",,TREE
173.1044856859132,NETWORK_REPLY,"[0,254]",11,"[14,3]","[16,2]",,TREE
173.10455348739455,NETWORK_REPLY,"[0,254]",21,"[16,1]","[16,2]",,TREE
173.10464030003112,NETWORK_REPLY,"[0,254]",31,"[16,2]","[16,2]",,DIRECT
174.10364249129034,NETWORK_REQUEST,"[16,3]",41,"[16,254]","[0,254]",,TREE
174.10370821513575,NETWORK_REQUEST,"[16,3]",31,"[14,3]","[0,254]",,TREE
174.10379502777232,NETWORK_REQUEST,"[16,3]",21,"[14,254]","[0,254]",,TREE
174.10386282925367,NETWORK_REQUEST,"[16,3]",11,"[9,4]","[0,254]",,TREE
174.1039288303578,NETWORK_REQUEST,"[16,3]",12,"[9,254]","[0,254]",,TREE
174.1040055185576,NETWORK_REQUEST,"[16,3]",23,"[4,3]","[0,254]",,TREE
174.1040879976928,NETWORK_REQUEST,"[16,3]",32,"[4,254]","[0,254]",,TREE
174.10415630740363,NETWORK_REQUEST,"[16,3]",33,"[1,4]","[0,254]",,TREE
174.1042460676538,NETWORK_REQUEST,"[16,3]",34,"[1,254]","[0,254]",,TREE
174.10432670098479,NETWORK_REQUEST,"[16,3]",25,"[0,1]","[0,254]",,TREE
174.10439056241543,NETWORK_REQUEST,"[16,3]",16,"[0,254]","[0,254]",,DIRECT
174.10447266424583,NETWORK_REPLY,"[0,254]",17,"[0,1]","[16,3]",,TREE
174.10455476607623,NETWORK_REPLY,"[0,254]",16,"[1,2]","[16,3]",,TREE
174.10461862750688,NETWORK_REPLY,"[0,254]",25,"[1,4]","[16,3]",,TREE
174.10469926083786,NETWORK_REPLY,"[0,254]",34,"[4,1]","[16,3]",,TREE
174.10478902108804,NETWORK_REPLY,"[0,254]",33,"[4,3]","[16,3]",,TREE
174.10485733079886,NETWORK_REPLY,"[0,254]",32,"[9,2]","[16,3]",,TREE
174.10493980993405,NETWORK_REPLY,"[0,254]",23,"[9,4]","[16,3]",,TREE
174.10501649813386,NETWORK_REPLY,"[0,254]",12,"[14,2]","[16,3]",,TREE
174.105082499238,NETWORK_REPLY,"[0,254]",11,"[14,3]","[16,3]",,TREE
174.10515030071934,NETWORK_REPLY,"[0,254]",21,"[16,1]","[16,3]",,TREE
174.1052371133559,NETWORK_REPLY,"[0,254]",31,"[16,3]","[16,3]",,DIRECT
176.1046373413597,NETWORK_REQUEST,"[12,4]",97,"[12,254]","[0,254]",,TREE
176.10469534214187,NETWORK_REQUEST,"[12,4]",88,"[7,4]","[0,254]",,TREE
176.1047732361463,NETWORK_REQUEST,"[12,4]",77,"[7,254]","[0,254]",,TREE
176.10486056996334,NETWORK_REQUEST,"[12,4]",67,"[3,3]","[0,254]",,TREE
176.10494491019418,NETWORK_REQUEST,"[12,4]",57,"[3,254]","[0,254]",,TREE
176.1050302999491,NETWORK_REQUEST,"[12,4]",46,"[1,3]","[0,254]",,TREE
176.10511097584816,NETWORK_REQUEST,"[12,4]",35,"[1,254]","[0,254]",,TREE
176.10518951153216,NETWORK_REQUEST,"[12,4]",25,"[0,1]","[0,254]",,TREE
176.1052533729628,NETWORK_REQUEST,"[12,4]",16,"[0,254]","[0,254]",,DIRECT
176.1053354747932,NETWORK_REPLY,"[0,254]",17,"[0,1]","[12,4]",,TREE
176.1054175766236,NETWORK_REPLY,"[0,254]",16,"[1,2]","[12,4]",,TREE
176.10548143805426,NETWORK_REPLY,"[0,254]",25,"[1,3]","[12,4]",,TREE
176.10555997373825,NETWORK_REPLY,"[0,254]",35,"[3,1]","[12,4]",,TREE
176.1056406496373,NETWORK_REPLY,"[0,254]",46,"[3,3]","[12,4]",,TREE
176.10572603939224,NETWORK_REPLY,"[0,254]",57,"[7,2]","[12,4]",,TREE
176.10581037962308,NETWORK_REPLY,"[0,254]",67,"[7,4]","[12,4]",,TREE
176.10589771344013,NETWORK_REPLY,"[0,254]",77,"[12,2]","[12,4]",,TREE
176.10597560744455,NETWORK_REPLY,"[0,254]",88,"[12,4]","[12,4]",,DIRECT
177.10419816634143,NETWORK_REQUEST,"[10,1]",85,"[10,254]","[0,254]",,TREE
177.1042850029029,NETWORK_REQUEST,"[10,1]",74,"[6,2]","[0,254]",,TREE
177.10435059938632,NETWORK_REQUEST,"[10,1]",75,"[6,254]","[0,254]",,TREE
177.10442461783,NETWORK_REQUEST,"[10,1]",65,"[3,4]","[0,254]",,TREE
177.10447667097566,NETWORK_REQUEST,"[10,1]",55,"[3,254]","[0,254]",,TREE
177.10456327571572,NETWORK_REQUEST,"[10,1]",46,"[1,3]","[0,254]",,TREE
177.10464395161478,NETWORK_REQUEST,"[10,1]",35,"[1,254]","[0,254]",,TREE
177.10472248729877,NETWORK_REQUEST,"[10,1]",25,"[0,1]","[0,254]",,TREE
177.10478634872942,NETWORK_REQUEST,"[10,1]",16,"[0,254]","[0,254]",,DIRECT
177.10486845055982,NETWORK_REPLY,"[0,254]",17,"[0,1]","[10,1]",,TREE
177.10495055239022,NETWORK_REPLY,"[0,254]",16,"[1,2]","[10,1]",,TREE
177.10501441382087,NETWORK_REPLY,"[0,254]",25,"[1,3]","[10,1]",,TREE
177.10509294950486,NETWORK_REPLY,"[0,254]",35,"[3,1]","[10,1]",,TREE
177.10517362540392,NETWORK_REPLY,"[0,254]",46,"[3,4]","[10,1]",,TREE
177.10526023014398,NETWORK_REPLY,"[0,254]",55,"[6,1]","[10,1]",,TREE
177.10531228328963,NETWORK_REPLY,"[0,254]",65,"[6,2]","[10,1]",,TREE
177.10538630173332,NETWORK_REPLY,"[0,254]",75,"[10,1]","[10,1]",,DIRECT
181.99055000748797,NETWORK_REQUEST,"[14,5]",20,"[14,254]","[0,254]",,TREE
181.9906271509798,NETWORK_REQUEST,"[14,5]",11,"[9,4]","[0,254]",,TREE
181.99069315208394,NETWORK_REQUEST,"[14,5]",12,"[9,254]","[0,254]",,TREE
181.99076984028375,NETWORK_REQUEST,"[14,5]",23,"[4,3]","[0,254]",,TREE
181.99085231941893,NETWORK_REQUEST,"[14,5]",32,"[4,254]","[0,254]",,TREE
181.99092062912976,NETWORK_REQUEST,"[14,5]",33,"[1,4]","[0,254]",,TREE
181.99101038937994,NETWORK_REQUEST,"[14,5]",34,"[1,254]","[0,254]",,TREE
181.99109102271092,NETWORK_REQUEST,"[14,5]",25,"[0,1]","[0,254]",,TREE
181.99115488414157,NETWORK_REQUEST,"[14,5]",16,"[0,254]","[0,254]",,DIRECT
181.99123698597197,NETWORK_REPLY,"[0,254]",17,"[0,1]","[14,5]",,TREE
181.99131908780237,NETWORK_REPLY,"[0,254]",16,"[1,2]","[14,5]",,TREE
181.991382949233,NETWORK_REPLY,"[0,254]",25,"[1,4]","[14,5]",,TREE
181.991463582564,NETWORK_REPLY,"[0,254]",34,"[4,1]","[14,5]",,TREE
181.99155334281417,NETWORK_REPLY,"[0,254]",33,"[4,3]","[14,5]",,TREE
181.991621652525,NETWORK_REPLY,"[0,254]",32,"[9,2]","[14,5]",,TREE
181.99170413166019,NETWORK_REPLY,"[0,254]",23,"[9,4]","[14,5]",,TREE
181.99178081986,NETWORK_REPLY,"[0,254]",12,"[14,2]","[14,5]",,TREE
181.99184682096413,NETWORK_REPLY,"[0,254]",11,"[14,5]","[14,5]",,DIRECT
182.64168933573782,NETWORK_REQUEST,"[3,2]",56,"[3,254]","[0,254]",,TREE
182.64176738551419,NETWORK_REQUEST,"[3,2]",46,"[1,3]","[0,254]",,TREE
182.64184806141324,NETWORK_REQUEST,"[3,2]",35,"[1,254]","[0,254]",,TREE
182.64192659709724,NETWORK_REQUEST,"[3,2]",25,"[0,1]","[0,254]",,TREE
182.64199045852789,NETWORK_REQUEST,"[3,2]",16,"[0,254]","[0,254]",,DIRECT
182.6420725603583,NETWORK_REPLY,"[0,254]",17,"[0,1]","[3,2]",,TREE
182.6421546621887,NETWORK_REPLY,"[0,254]",16,"[1,2]","[3,2]",,TREE
182.64221852361933,NETWORK_REPLY,"[0,254]",25,"[1,3]","[3,2]",,TREE
182.64229705930333,NETWORK_REPLY,"[0,254]",35,"[3,1]","[3,2]",,TREE
182.6423777352024,NETWORK_REPLY,"[0,254]",46,"[3,2]","[3,2]",,DIRECT
183.9808987567787,NETWORK_REQUEST,"[13,1]",62,"[13,254]","[0,254]",,TREE
183.98094893557194,NETWORK_REQUEST,"[13,1]",73,"[8,2]","[0,254]",,TREE
183.9810151599292,NETWORK_REQUEST,"[13,1]",63,"[8,254]","[0,254]",,TREE
183.98105780025116,NETWORK_REQUEST,"[13,1]",53,"[4,2]","[0,254]",,TREE
183.98114819065762,NETWORK_REQUEST,"[13,1]",43,"[4,254]","[0,254]",,TREE
183.9811771536652,NETWORK_REQUEST,"[13,1]",33,"[1,4]","[0,254]",,TREE
183.98126691391536,NETWORK_REQUEST,"[13,1]",34,"[1,254]","[0,254]",,TREE
183.98134754724634,NETWORK_REQUEST,"[13,1]",25,"[0,1]","[0,254]",,TREE
183.981411408677,NETWORK_REQUEST,"[13,1]",16,"[0,254]","[0,254]",,DIRECT
183.9814935105074,NETWORK_REPLY,"[0,254]",17,"[0,1]","[13,1]",,TREE
183.9815756123378,NETWORK_REPLY,"[0,254]",16,"[1,2]","[13,1]",,TREE
183.98163947376844,NETWORK_REPLY,"[0,254]",25,"[1,4]","[13,1]",,TREE
183.98172010709942,NETWORK_REPLY,"[0,254]",34,"[4,1]","[13,1]",,TREE
183.9818098673496,NETWORK_REPLY,"[0,254]",33,"[4,2]","[13,1]",,TREE
183.98183883035716,NETWORK_REPLY,"[0,254]",43,"[8,1]","[13,1]",,TREE
183.98192922076362,NETWORK_REPLY,"[0,254]",53,"[8,2]","[13,1]",,TREE
183.98197186108558,NETWORK_REPLY,"[0,254]",63,"[13,1]","[13,1]",,DIRECT
188.1059983490301,NETWORK_REQUEST,"[20,2]",92,"[20,254]","[0,254]",,TREE
188.10605120615676,NETWORK_REQUEST,"[20,2]",93,"[13,3]","[0,254]",,TREE
188.10607346505094,NETWORK_REQUEST,"[13,4]",72,"[13,254]","[0,254]",,TREE
188.10611606086357,NETWORK_REQUEST,"[20,2]",83,"[13,254]","[0,254]",,TREE
188.10612660717845,NETWORK_REQUEST,"[13,4]",73,"[8,2]","[0,254]",,TREE
188.1061928315357,NETWORK_REQUEST,"[13,4]",63,"[8,254]","[0,254]",,TREE
188.10619864670454,NETWORK_REQUEST,"[20,2]",73,"[8,2]","[0,254]",,TREE
188.10623547185767,NETWORK_REQUEST,"[13,4]",53,"[4,2]","[0,254]",,TREE
188.1062648710618,NETWORK_REQUEST,"[20,2]",63,"[8,254]","[0,254]",,TREE
188.10630751138376,NETWORK_REQUEST,"[20,2]",53,"[4,2]","[0,254]",,TREE
188.10632586226413,NETWORK_REQUEST,"[13,4]",43,"[4,254]","[0,254]",,TREE
188.1063548252717,NETWORK_REQUEST,"[13,4]",33,"[1,4]","[0,254]",,TREE
188.10639790179022,NETWORK_REQUEST,"[20,2]",43,"[4,254]","[0,254]",,TREE
188.10642686479778,NETWORK_REQUEST,"[20,2]",33,"[1,4]","[0,254]",,TREE
188.10644458552187,NETWORK_REQUEST,"[13,4]",34,"[1,254]","[0,254]",,TREE
188.10651662504796,NETWORK_REQUEST,"[20,2]",34,"[1,254]","[0,254]",,TREE
188.10652521885285,NETWORK_REQUEST,"[13,4]",25,"[0,1]","[0,254]",,TREE
188.1065890802835,NETWORK_REQUEST,"[13,4]",16,"[0,254]","[0,254]",,DIRECT
188.10659725837894,NETWORK_REQUEST,"[20,2]",25,"[0,1]","[0,254]",,TREE
188.1066611198096,NETWORK_REQUEST,"[20,2]",16,"[0,254]","[0,254]",,DIRECT
188.1066711821139,NETWORK_REPLY,"[0,254]",17,"[0,1]","[13,4]",,TREE
188.10674322164,NETWORK_REPLY,"[0,254]",17,"[0,1]","[20,2]",,TREE
188.1067532839443,NETWORK_REPLY,"[0,254]",16,"[1,2]","[13,4]",,TREE
188.10681714537495,NETWORK_REPLY,"[0,254]",25,"[1,4]","[13,4]",,TREE
188.1068253234704,NETWORK_REPLY,"[0,254]",16,"[1,2]","[20,2]",,TREE
188.10688918490104,NETWORK_REPLY,"[0,254]",25,"[1,4]","[20,2]",,TREE
188.10689777870593,NETWORK_REPLY,"[0,254]",34,"[4,1]","[13,4]",,TREE
188.10696981823202,NETWORK_REPLY,"[0,254]",34,"[4,1]","[20,2]",,TREE
188.1069875389561,NETWORK_REPLY,"[0,254]",33,"[4,2]","[13,4]",,TREE
188.10701650196367,NETWORK_REPLY,"[0,254]",43,"[8,1]","[13,4]",,TREE
188.1070595784822,NETWORK_REPLY,"[0,254]",33,"[4,2]","[20,2]",,TREE
188.10708854148976,NETWORK_REPLY,"[0,254]",43,"[8,1]","[20,2]",,TREE
188.10710689237013,NETWORK_REPLY,"[0,254]",53,"[8,2]","[13,4]",,TREE
188.1071495326921,NETWORK_REPLY,"[0,254]",63,"[13,2]","[13,4]",,TREE
188.10717893189621,NETWORK_REPLY,"[0,254]",53,"[8,2]","[20,2]",,TREE
188.10721575704935,NETWORK_REPLY,"[0,254]",73,"[13,4]","[13,4]",,DIRECT
188.10722157221818,NETWORK_REPLY,"[0,254]",63,"[13,2]","[20,2]",,TREE
188.10728779657543,NETWORK_REPLY,"[0,254]",73,"[13,3]","[20,2]",,TREE
188.1073703824164,NETWORK_REPLY,"[0,254]",83,"[20,1]","[20,2]",,TREE
188.1074352371232,NETWORK_REPLY,"[0,254]",93,"[20,2]","[20,2]",,DIRECT
196.10037957238745,NETWORK_REQUEST,"[5,4]",19,"[5,254]","[0,254]",,TREE
196.10044162807839,NETWORK_REQUEST,"[5,4]",28,"[0,3]","[0,254]",,TREE
196.100505152277,NETWORK_REQUEST,"[5,4]",18,"[0,254]","[0,254]",,DIRECT
196.10059131037332,NETWORK_REPLY,"[0,254]",17,"[0,3]","[5,4]",,TREE
196.10067746846963,NETWORK_REPLY,"[0,254]",18,"[5,4]","[5,4]",,DIRECT
197.10086782386637,NETWORK_REQUEST,"[5,2]",29,"[5,254]","[0,254]",,TREE
197.1009335442218,NETWORK_REQUEST,"[5,2]",28,"[0,3]","[0,254]",,TREE
197.1009970684204,NETWORK_REQUEST,"[5,2]",18,"[0,254]","[0,254]",,DIRECT
197.10108322651672,NETWORK_REPLY,"[0,254]",17,"[0,3]","[5,2]",,TREE
197.10116938461303,NETWORK_REPLY,"[0,254]",18,"[5,1]","[5,2]",,TREE
197.10123290881165,NETWORK_REPLY,"[0,254]",28,"[5,2]","[5,2]",,DIRECT
203.10426889688938,NETWORK_REQUEST,"[21,2]",1,"[21,254]","[0,254]",,TREE
203.10433437122742,NETWORK_REQUEST,"[21,2]",0,"[14,4]","[0,254]",,TREE
203.1043895033707,NETWORK_REQUEST,"[21,2]",10,"[14,254]","[0,254]",,TREE
203.10447581420817,NETWORK_REQUEST,"[21,2]",11,"[9,4]","[0,254]",,TREE
203.1045418153123,NETWORK_REQUEST,"[21,2]",12,"[9,254]","[0,254]",,TREE
203.1046185035121,NETWORK_REQUEST,"[21,2]",23,"[4,3]","[0,254]",,TREE
203.1047009826473,NETWORK_REQUEST,"[21,2]",32,"[4,254]","[0,254]",,TREE
203.10476929235813,NETWORK_REQUEST,"[21,2]",33,"[1,4]","[0,254]",,TREE
203.1048590526083,NETWORK_REQUEST,"[21,2]",34,"[1,254]","[0,254]",,TREE
203.10493968593929,NETWORK_REQUEST,"[21,2]",25,"[0,1]","[0,254]",,TREE
203.10500354736993,NETWORK_REQUEST,"[21,2]",16,"[0,254]","[0,254]",,DIRECT
203.10508564920033,NETWORK_REPLY,"[0,254]",17,"[0,1]","[21,2]",,TREE
203.10516775103073,NETWORK_REPLY,"[0,254]",16,"[1,2]","[21,2]",,TREE
203.10523161246138,NETWORK_REPLY,"[0,254]",25,"[1,4]","[21,2]",,TREE
203.10531224579236,NETWORK_REPLY,"[0,254]",34,"[4,1]","[21,2]",,TREE
203.10540200604254,NETWORK_REPLY,"[0,254]",33,"[4,3]","[21,2]",,TREE
203.10547031575337,NETWORK_REPLY,"[0,254]",32,"[9,2]","[21,2]",,TREE
203.10555279488855,NETWORK_REPLY,"[0,254]",23,"[9,4]","[21,2]",,TREE
203.10562948308836,NETWORK_REPLY,"[0,254]",12,"[14,2]","[21,2]",,TREE
203.1056954841925,NETWORK_REPLY,"[0,254]",11,"[14,4]","[21,2]",,TREE
203.10578179502997,NETWORK_REPLY,"[0,254]",10,"[21,1]","[21,2]",,TREE
203.10583692717324,NETWORK_REPLY,"[0,254]",0,"[21,2]","[21,2]",,DIRECT
203.98246542795013,NETWORK_REQUEST,"[28,3]",70,"[28,254]","[0,254]",,TREE
203.982540081831,NETWORK_REQUEST,"[28,3]",61,"[13,1]","[0,254]",,TREE
203.98262223471048,NETWORK_REQUEST,"[28,3]",62,"[13,254]","[0,254]",,TREE
203.9826724135037,NETWORK_REQUEST,"[28,3]",73,"[8,2]","[0,254]",,TREE
203.98273863786096,NETWORK_REQUEST,"[28,3]",63,"[8,254]","[0,254]",,TREE
203.98278127818293,NETWORK_REQUEST,"[28,3]",53,"[4,2]","[0,254]",,TREE
203.98287166858938,NETWORK_REQUEST,"[28,3]",43,"[4,254]","[0,254]",,TREE
203.98290063159695,NETWORK_REQUEST,"[28,3]",33,"[1,4]","[0,254]",,TREE
203.98299039184712,NETWORK_REQUEST,"[28,3]",34,"[1,254]","[0,254]",,TREE
203.9830710251781,NETWORK_REQUEST,"[28,3]",25,"[0,1]","[0,254]",,TREE
203.98313488660875,NETWORK_REQUEST,"[28,3]",16,"[0,254]","[0,254]",,DIRECT
203.98321698843915,NETWORK_REPLY,"[0,254]",17,"[0,1]","[28,3]",,TREE
203.98329909026955,NETWORK_REPLY,"[0,254]",16,"[1,2]","[28,3]",,TREE
203.9833629517002,NETWORK_REPLY,"[0,254]",25,"[1,4]","[28,3]",,TREE
203.98344358503118,NETWORK_REPLY,"[0,254]",34,"[4,1]","[28,3]",,TREE
203.98353334528136,NETWORK_REPLY,"[0,254]",33,"[4,2]","[28,3]",,TREE
203.98356230828892,NETWORK_REPLY,"[0,254]",43,"[8,1]","[28,3]",,TREE
203.98365269869538,NETWORK_REPLY,"[0,254]",53,"[8,2]","[28,3]",,TREE
203.98369533901734,NETWORK_REPLY,"[0,254]",63,"[13,2]","[28,3]",,TREE
203.9837615633746,NETWORK_REPLY,"[0,254]",73,"[13,1]","[28,3]",,TREE
203.98381174216783,NETWORK_REPLY,"[0,254]",62,"[28,1]","[28,3]",,TREE
203.98389389504732,NETWORK_REPLY,"[0,254]",61,"[28,3]","[28,3]",,DIRECT
205.82950008111794,NETWORK_REQUEST,"[4,4]",42,"[4,254]","[0,254]",,TREE
205.8295832349432,NETWORK_REQUEST,"[4,4]",33,"[1,4]","[0,254]",,TREE
205.82967299519336,NETWORK_REQUEST,"[4,4]",34,"[1,254]","[0,254]",,TREE
205.82975362852434,NETWORK_REQUEST,"[4,4]",25,"[0,1]","[0,254]",,TREE
205.829817489955,NETWORK_REQUEST,"[4,4]",16,"[0,254]","[0,254]",,DIRECT
205.8298995917854,NETWORK_REPLY,"[0,254]",17,"[0,1]","[4,4]",,TREE
205.8299816936158,NETWORK_REPLY,"[0,254]",16,"[1,2]","[4,4]",,TREE
205.83004555504644,NETWORK_REPLY,"[0,254]",25,"[1,4]","[4,4]",,TREE
205.83012618837742,NETWORK_REPLY,"[0,254]",34,"[4,1]","[4,4]",,TREE
205.8302159486276,NETWORK_REPLY,"[0,254]",33,"[4,4]","[4,4]",,DIRECT
206.10055191305995,NETWORK_REQUEST,"[2,2]",37,"[2,254]","[0,254]",,TREE
206.10061954035672,NETWORK_REQUEST,"[2,2]",36,"[0,2]","[0,254]",,TREE
206.1006901224139,NETWORK_REQUEST,"[2,2]",27,"[0,254]","[0,254]",,DIRECT
206.10075349560643,NETWORK_REPLY,"[0,254]",17,"[0,2]","[2,2]",,TREE
206.10081686879894,NETWORK_REPLY,"[0,254]",27,"[2,2]","[2,2]",,DIRECT
206.10264516005498,NETWORK_REQUEST,"[6,4]",76,"[6,254]","[0,254]",,TREE
206.10271120095965,NETWORK_REQUEST,"[6,4]",65,"[3,4]","[0,254]",,TREE
206.1027632541053,NETWORK_REQUEST,"[6,4]",55,"[3,254]","[0,254]",,TREE
206.10284985884536,NETWORK_REQUEST,"[6,4]",46,"[1,3]","[0,254]",,TREE
206.10293053474442,NETWORK_REQUEST,"[6,4]",35,"[1,254]","[0,254]",,TREE
206.1030090704284,NETWORK_REQUEST,"[6,4]",25,"[0,1]","[0,254]",,TREE
206.10307293185906,NETWORK_REQUEST,"[6,4]",16,"[0,254]","[0,254]",,DIRECT
206.10315503368946,NETWORK_REPLY,"[0,254]",17,"[0,1]","[6,4]",,TREE
206.10323713551986,NETWORK_REPLY,"[0,254]",16,"[1,2]","[6,4]",,TREE
206.1033009969505,NETWORK_REPLY,"[0,254]",25,"[1,3]","[6,4]",,TREE
206.1033795326345,NETWORK_REPLY,"[0,254]",35,"[3,1]","[6,4]",,TREE
206.10346020853356,NETWORK_REPLY,"[0,254]",46,"[3,4]","[6,4]",,TREE
206.10354681327362,NETWORK_REPLY,"[0,254]",55,"[6,1]","[6,4]",,TREE
206.10359886641928,NETWORK_REPLY,"[0,254]",65,"[6,4]","[6,4]",,DIRECT
241.96236358219537,NETWORK_REQUEST,"[8,3]",54,"[8,254]","[0,254]",,TREE
241.96239642026237,NETWORK_REQUEST,"[8,3]",53,"[4,2]","[0,254]",,TREE
241.96248681066882,NETWORK_REQUEST,"[8,3]",43,"[4,254]","[0,254]",,TREE
241.9625157736764,NETWORK_REQUEST,"[8,3]",33,"[1,4]","[0,254]",,TREE
241.96260553392656,NETWORK_REQUEST,"[8,3]",34,"[1,254]","[0,254]",,TREE
241.96268616725754,NETWORK_REQUEST,"[8,3]",25,"[0,1]","[0,254]",,TREE
241.9627500286882,NETWORK_REQUEST,"[8,3]",16,"[0,254]","[0,254]",,DIRECT
241.9628321305186,NETWORK_REPLY,"[0,254]",17,"[0,1]","[8,3]",,TREE
241.962914232349,NETWORK_REPLY,"[0,254]",16,"[1,2]","[8,3]",,TREE
241.96297809377964,NETWORK_REPLY,"[0,254]",25,"[1,4]","[8,3]",,TREE
241.96305872711062,NETWORK_REPLY,"[0,254]",34,"[4,1]","[8,3]",,TREE
241.9631484873608,NETWORK_REPLY,"[0,254]",33,"[4,2]","[8,3]",,TREE
241.96317745036836,NETWORK_REPLY,"[0,254]",43,"[8,1]","[8,3]",,TREE
241.96326784077482,NETWORK_REPLY,"[0,254]",53,"[8,3]","[8,3]",,DIRECT
333.1008399058218,NETWORK_REQUEST,"[2,3]",35,"[2,254]","[0,254]",,TREE
333.10092470943255,NETWORK_REQUEST,"[2,3]",36,"[0,2]","[0,254]",,TREE
333.10099529148977,NETWORK_REQUEST,"[2,3]",27,"[0,254]","[0,254]",,DIRECT
333.1010586646823,NETWORK_REPLY,"[0,254]",17,"[0,2]","[2,3]",,TREE
333.1011220378748,NETWORK_REPLY,"[0,254]",27,"[2,1]","[2,3]",,TREE
333.101192619932,NETWORK_REPLY,"[0,254]",36,"[2,3]","[2,3]",,DIRECT
343.1007946155785,NETWORK_REQUEST,"[39,1]",34,"[39,254]","[0,254]",,TREE
343.10083840689765,NETWORK_REQUEST,"[39,1]",35,"[2,254]","[0,254]",,TREE
343.1009232105084,NETWORK_REQUEST,"[39,1]",36,"[0,2]","[0,254]",,TREE
343.10099379256565,NETWORK_REQUEST,"[39,1]",27,"[0,254]","[0,254]",,DIRECT
343.10105716575816,NETWORK_REPLY,"[0,254]",17,"[0,2]","[39,1]",,TREE
343.1011205389507,NETWORK_REPLY,"[0,254]",27,"[2,1]","[39,1]",,TREE
343.1011911210079,NETWORK_REPLY,"[0,254]",36,"[2,3]","[39,1]",,TREE
343.1012759246187,NETWORK_REPLY,"[0,254]",35,"[39,1]","[39,1]",,DIRECT
383.1008066028178,NETWORK_REQUEST,"[2,4]",26,"[2,254]","[0,254]",,TREE
383.10089617881056,NETWORK_REQUEST,"[2,4]",36,"[0,2]","[0,254]",,TREE
383.1009667608678,NETWORK_REQUEST,"[2,4]",27,"[0,254]","[0,254]",,DIRECT
383.1010301340603,NETWORK_REPLY,"[0,254]",17,"[0,2]","[2,4]",,TREE
383.1010935072528,NETWORK_REPLY,"[0,254]",27,"[2,1]","[2,4]",,TREE
383.10116408931003,NETWORK_REPLY,"[0,254]",36,"[2,4]","[2,4]",,DIRECT
1673.1018607199308,NETWORK_REQUEST,"[35,3]",42,"[35,254]","[0,254]",,TREE
1673.1019386856515,NETWORK_REQUEST,"[35,3]",52,None,"[0,254]",,TREE
1681.1010615115915,NETWORK_REQUEST,"[3,5]",45,None,"[0,254]",,TREE
1683.1018607199308,NETWORK_REQUEST,"[35,3]",42,"[35,254]","[0,254]",,TREE
1683.1019386856515,NETWORK_REQUEST,"[35,3]",52,None,"[0,254]",,TREE
1691.1010615115915,NETWORK_REQUEST,"[3,5]",45,None,"[0,254]",,TREE
1693.1018065291132,NETWORK_REQUEST,"[35,2]",43,"[35,254]","[0,254]",,TREE
1693.1018904333403,NETWORK_REQUEST,"[35,2]",52,None,"[0,254]",,TREE
1701.1010615115915,NETWORK_REQUEST,"[3,5]",45,None,"[0,254]",,TREE
1703.1018065291132,NETWORK_REQUEST,"[35,2]",43,"[35,254]","[0,254]",,TREE
1703.1018904333403,NETWORK_REQUEST,"[35,2]",52,None,"[0,254]",,TREE
1711.1010615115915,NETWORK_REQUEST,"[3,5]",45,None,"[0,254]",,TREE
1713.1018065291132,NETWORK_REQUEST,"[35,2]",43,"[35,254]","[0,254]",,TREE
1713.1018904333403,NETWORK_REQUEST,"[35,2]",52,None,"[0,254]",,TREE
1721.1010615115915,NETWORK_REQUEST,"[3,5]",45,None,"[0,254]",,TREE
1723.1018065291132,NETWORK_REQUEST,"[35,2]",43,"[35,254]","[0,254]",,TREE
1723.1018904333403,NETWORK_REQUEST,"[35,2]",52,None,"[0,254]",,TREE
1733.1018065291132,NETWORK_REQUEST,"[35,2]",43,"[35,254]","[0,254]",,TREE
1733.1018904333403,NETWORK_REQUEST,"[35,2]",52,None,"[0,254]",,TREE
1740.1027203111132,NETWORK_REQUEST,"[17,3]",57,"[17,254]","[0,254]",,TREE
1740.102781599215,NETWORK_REQUEST,"[17,3]",47,"[5,3]","[0,254]",,TREE
1740.1028448485533,NETWORK_REQUEST,"[17,3]",38,"[5,254]","[0,254]",,TREE
1740.1029274737346,NETWORK_REQUEST,"[17,3]",28,"[0,3]","[0,254]",,TREE
1740.1029909979334,NETWORK_REQUEST,"[17,3]",18,"[0,254]","[0,254]",,DIRECT
1740.1030771560297,NETWORK_REPLY,"[0,254]",17,"[0,3]","[17,3]",,TREE
1740.103163314126,NETWORK_REPLY,"[0,254]",18,"[5,1]","[17,3]",,TREE
1740.1032268383249,NETWORK_REPLY,"[0,254]",28,"[5,3]","[17,3]",,TREE
1740.103309463506,NETWORK_REPLY,"[0,254]",38,"[17,1]","[17,3]",,TREE
1740.1033727128445,NETWORK_REPLY,"[0,254]",47,"[17,3]","[17,3]",,DIRECT
1750.102583528566,NETWORK_REQUEST,"[42,1]",56,"[42,254]","[0,254]",,TREE
1750.1026516609659,NETWORK_REQUEST,"[42,1]",57,"[17,254]","[0,254]",,TREE
1750.1027129490676,NETWORK_REQUEST,"[42,1]",47,"[5,3]","[0,254]",,TREE
1750.102776198406,NETWORK_REQUEST,"[42,1]",38,"[5,254]","[0,254]",,TREE
1750.1028588235872,NETWORK_REQUEST,"[42,1]",28,"[0,3]","[0,254]",,TREE
1750.102922347786,NETWORK_REQUEST,"[42,1]",18,"[0,254]","[0,254]",,DIRECT
1750.1030085058824,NETWORK_REPLY,"[0,254]",17,"[0,3]","[42,1]",,TREE
1750.1030946639787,NETWORK_REPLY,"[0,254]",18,"[5,1]","[42,1]",,TREE
1750.1031581881775,NETWORK_REPLY,"[0,254]",28,"[5,3]","[42,1]",,TREE
1750.1032408133588,NETWORK_REPLY,"[0,254]",38,"[17,1]","[42,1]",,TREE
1750.1033040626971,NETWORK_REPLY,"[0,254]",47,"[17,3]","[42,1]",,TREE
1750.1033653507989,NETWORK_REPLY,"[0,254]",57,"[42,1]","[42,1]",,DIRECT
1977.1029771697115,NETWORK_REQUEST,"[41,4]",24,"[41,254]","[0,254]",,TREE
1977.1030676835737,NETWORK_REQUEST,"[41,4]",15,None,"[0,254]",,TREE
1987.1029771697115,NETWORK_REQUEST,"[41,4]",24,"[41,254]","[0,254]",,TREE
1987.1030676835737,NETWORK_REQUEST,"[41,4]",15,None,"[0,254]",,TREE
1997.1029771697115,NETWORK_REQUEST,"[41,4]",24,"[41,254]","[0,254]",,TREE
1997.1030676835737,NETWORK_REQUEST,"[41,4]",15,None,"[0,254]",,TREE
2007.1029771697115,NETWORK_REQUEST,"[41,4]",24,"[41,254]","[0,254]",,TREE
2007.1030676835737,NETWORK_REQUEST,"[41,4]",15,None,"[0,254]",,TREE
2017.1029771697115,NETWORK_REQUEST,"[41,4]",24,"[41,254]","[0,254]",,TREE
2017.1030676835737,NETWORK_REQUEST,"[41,4]",15,None,"[0,254]",,TREE
2047.1029927122518,NETWORK_REQUEST,"[41,6]",14,"[41,254]","[0,254]",,TREE
2047.1030624295333,NETWORK_REQUEST,"[41,6]",15,None,"[0,254]",,TREE
2057.1029927122518,NETWORK_REQUEST,"[41,6]",14,"[41,254]","[0,254]",,TREE
2057.103062429533,NETWORK_REQUEST,"[41,6]",15,None,"[0,254]",,TREE
2067.1029927122518,NETWORK_REQUEST,"[41,6]",14,"[41,254]","[0,254]",,TREE
2067.103062429533,NETWORK_REQUEST,"[41,6]",15,None,"[0,254]",,TREE
2077.1029927122518,NETWORK_REQUEST,"[41,6]",14,"[41,254]","[0,254]",,TREE
2077.103062429533,NETWORK_REQUEST,"[41,6]",15,None,"[0,254]",,TREE
2083.103152513443,NETWORK_REQUEST,"[6,3]",64,"[6,254]","[0,254]",,TREE
2083.1032206599602,NETWORK_REQUEST,"[6,3]",65,None,"[0,254]",,TREE
2087.1029927122518,NETWORK_REQUEST,"[41,6]",14,"[41,254]","[0,254]",,TREE
2087.103062429533,NETWORK_REQUEST,"[41,6]",15,None,"[0,254]",,TREE
2093.103152513443,NETWORK_REQUEST,"[6,3]",64,"[6,254]","[0,254]",,TREE
2093.1032206599602,NETWORK_REQUEST,"[6,3]",65,None,"[0,254]",,TREE
2097.1029819613573,NETWORK_REQUEST,"[14,7]",12,"[14,254]","[0,254]",,TREE
2097.1030479624615,NETWORK_REQUEST,"[14,7]",11,None,"[0,254]",,TREE
2103.103152513443,NETWORK_REQUEST,"[6,3]",64,"[6,254]","[0,254]",,TREE
2103.1032206599602,NETWORK_REQUEST,"[6,3]",65,None,"[0,254]",,TREE
2107.1029819613573,NETWORK_REQUEST,"[14,7]",12,"[14,254]","[0,254]",,TREE
2107.1030479624615,NETWORK_REQUEST,"[14,7]",11,None,"[0,254]",,TREE
2113.103152513443,NETWORK_REQUEST,"[6,3]",64,"[6,254]","[0,254]",,TREE
2113.1032206599602,NETWORK_REQUEST,"[6,3]",65,None,"[0,254]",,TREE
2117.1029819613573,NETWORK_REQUEST,"[14,7]",12,"[14,254]","[0,254]",,TREE
2117.1030479624615,NETWORK_REQUEST,"[14,7]",11,None,"[0,254]",,TREE
2123.103152513443,NETWORK_REQUEST,"[6,3]",64,"[6,254]","[0,254]",,TREE
2123.1032206599602,NETWORK_REQUEST,"[6,3]",65,None,"[0,254]",,TREE
2127.102958333323,NETWORK_REQUEST,"[15,4]",13,"[15,254]","[0,254]",,TREE
2127.1030446849372,NETWORK_REQUEST,"[15,4]",4,None,"[0,254]",,TREE
2137.102958333323,NETWORK_REQUEST,"[15,4]",13,"[15,254]","[0,254]",,TREE
2137.1030446849372,NETWORK_REQUEST,"[15,4]",4,None,"[0,254]",,TREE
2147.102958333323,NETWORK_REQUEST,"[15,4]",13,"[15,254]","[0,254]",,TREE
2147.1030446849372,NETWORK_REQUEST,"[15,4]",4,None,"[0,254]",,TREE
2157.102958333323,NETWORK_REQUEST,"[15,4]",13,"[15,254]","[0,254]",,TREE
2157.1030446849372,NETWORK_REQUEST,"[15,4]",4,None,"[0,254]",,TREE
2167.102958333323,NETWORK_REQUEST,"[15,4]",13,"[15,254]","[0,254]",,TREE
2167.1030446849372,NETWORK_REQUEST,"[15,4]",4,None,"[0,254]",,TREE
2202.1058068674497,NETWORK_REQUEST,"[37,3]",85,"[37,254]","[0,254]",,TREE
2202.1058789750646,NETWORK_REQUEST,"[37,3]",86,"[6,4]","[0,254]",,TREE
2202.1059405722667,NETWORK_REQUEST,"[37,3]",76,"[6,254]","[0,254]",,TREE
2202.1060066131713,NETWORK_REQUEST,"[37,3]",65,None,"[0,254]",,TREE
2212.1058068674497,NETWORK_REQUEST,"[37,3]",85,"[37,254]","[0,254]",,TREE
2212.1058789750646,NETWORK_REQUEST,"[37,3]",86,"[6,4]","[0,254]",,TREE
2212.1059405722667,NETWORK_REQUEST,"[37,3]",76,"[6,254]","[0,254]",,TREE
2212.1060066131713,NETWORK_REQUEST,"[37,3]",65,None,"[0,254]",,TREE
2222.1058068674497,NETWORK_REQUEST,"[37,3]",85,"[37,254]","[0,254]",,TREE
2222.1058789750646,NETWORK_REQUEST,"[37,3]",86,"[6,4]","[0,254]",,TREE
2222.1059405722667,NETWORK_REQUEST,"[37,3]",76,"[6,254]","[0,254]",,TREE
2222.1060066131713,NETWORK_REQUEST,"[37,3]",65,None,"[0,254]",,TREE
2232.1058068674497,NETWORK_REQUEST,"[37,3]",85,"[37,254]","[0,254]",,TREE
2232.1058789750646,NETWORK_REQUEST,"[37,3]",86,"[6,4]","[0,254]",,TREE
2232.1059405722667,NETWORK_REQUEST,"[37,3]",76,"[6,254]","[0,254]",,TREE
2232.1060066131713,NETWORK_REQUEST,"[37,3]",65,None,"[0,254]",,TREE
2242.1058068674497,NETWORK_REQUEST,"[37,3]",85,"[37,254]","[0,254]",,TREE
2242.1058789750646,NETWORK_REQUEST,"[37,3]",86,"[6,4]","[0,254]",,TREE
2242.1059405722667,NETWORK_REQUEST,"[37,3]",76,"[6,254]","[0,254]",,TREE
2242.1060066131713,NETWORK_REQUEST,"[37,3]",65,None,"[0,254]",,TREE
2272.104416741906,NETWORK_REQUEST,"[15,2]",5,"[15,254]","[0,254]",,TREE
2272.1044781162977,NETWORK_REQUEST,"[15,2]",4,None,"[0,254]",,TREE
2282.104416741906,NETWORK_REQUEST,"[15,2]",5,"[15,254]","[0,254]",,TREE
2282.1044781162977,NETWORK_REQUEST,"[15,2]",4,None,"[0,254]",,TREE
2292.104416741906,NETWORK_REQUEST,"[15,2]",5,"[15,254]","[0,254]",,TREE
2292.1044781162977,NETWORK_REQUEST,"[15,2]",4,None,"[0,254]",,TREE
2302.104416741906,NETWORK_REQUEST,"[15,2]",5,"[15,254]","[0,254]",,TREE
2302.1044781162977,NETWORK_REQUEST,"[15,2]",4,None,"[0,254]",,TREE
2312.104416741906,NETWORK_REQUEST,"[15,2]",5,"[15,254]","[0,254]",,TREE
2312.1044781162977,NETWORK_REQUEST,"[15,2]",4,None,"[0,254]",,TREE
2322.1016083579766,NETWORK_REQUEST,"[41,4]",24,"[41,254]","[0,254]",,TREE
2332.1016083579766,NETWORK_REQUEST,"[41,4]",24,"[41,254]","[0,254]",,TREE
2342.1016083579766,NETWORK_REQUEST,"[41,4]",24,"[41,254]","[0,254]",,TREE
2352.1016083579766,NETWORK_REQUEST,"[41,4]",24,"[41,254]","[0,254]",,TREE
2362.1016083579766,NETWORK_REQUEST,"[41,4]",24,"[41,254]","[0,254]",,TREE
2366.102801990928,NETWORK_REQUEST,"[13,5]",74,"[13,254]","[0,254]",,TREE
2366.1028809235368,NETWORK_REQUEST,"[13,5]",73,"[8,2]","[0,254]",,TREE
2366.1029471478937,NETWORK_REQUEST,"[13,5]",63,"[8,254]","[0,254]",,TREE
2366.1029897882154,NETWORK_REQUEST,"[13,5]",53,None,"[0,254]",,TREE
2376.102801990928,NETWORK_REQUEST,"[13,5]",74,"[13,254]","[0,254]",,TREE
2376.1028809235368,NETWORK_REQUEST,"[13,5]",73,"[8,2]","[0,254]",,TREE
2376.1029471478937,NETWORK_REQUEST,"[13,5]",63,"[8,254]","[0,254]",,TREE
2376.1029897882154,NETWORK_REQUEST,"[13,5]",53,None,"[0,254]",,TREE
2386.102801990928,NETWORK_REQUEST,"[13,5]",74,"[13,254]","[0,254]",,TREE
2386.1028809235368,NETWORK_REQUEST,"[13,5]",73,"[8,2]","[0,254]",,TREE
2386.1029471478937,NETWORK_REQUEST,"[13,5]",63,"[8,254]","[0,254]",,TREE
2386.1029897882154,NETWORK_REQUEST,"[13,5]",53,None,"[0,254]",,TREE
2396.102801990928,NETWORK_REQUEST,"[13,5]",74,"[13,254]","[0,254]",,TREE
2396.1028809235368,NETWORK_REQUEST,"[13,5]",73,"[8,2]","[0,254]",,TREE
2396.1029471478937,NETWORK_REQUEST,"[13,5]",63,"[8,254]","[0,254]",,TREE
2396.1029897882154,NETWORK_REQUEST,"[13,5]",53,None,"[0,254]",,TREE
2399.10473249553,NETWORK_REQUEST,"[11,4]",79,"[11,254]","[0,254]",,TREE
2399.104812102211,NETWORK_REQUEST,"[11,4]",69,"[7,3]","[0,254]",,TREE
2399.1048954967973,NETWORK_REQUEST,"[11,4]",58,"[7,254]","[0,254]",,TREE
2399.104973060795,NETWORK_REQUEST,"[11,4]",67,"[42,254]","[0,254]",,TREE
2399.105057401026,NETWORK_REQUEST,"[11,4]",57,"[17,254]","[0,254]",,TREE
2399.1051186891277,NETWORK_REQUEST,"[11,4]",47,"[5,3]","[0,254]",,TREE
2399.105181938466,NETWORK_REQUEST,"[11,4]",38,"[5,254]","[0,254]",,TREE
2399.105264563647,NETWORK_REQUEST,"[11,4]",28,"[0,3]","[0,254]",,TREE
2399.1053280878455,NETWORK_REQUEST,"[11,4]",18,"[0,254]","[0,254]",,DIRECT
2399.1054142459416,NETWORK_REPLY,"[0,254]",17,"[0,1]","[11,4]",,TREE
2399.105496347772,NETWORK_REPLY,"[0,254]",16,"[41,3]","[11,4]",,TREE
2399.106231718152,NETWORK_REQUEST,"[37,2]",87,"[37,254]","[0,254]",,TREE
2399.1063014629867,NETWORK_REQUEST,"[37,2]",86,None,"[0,254]",,TREE
2406.102801990928,NETWORK_REQUEST,"[13,5]",74,"[13,254]","[0,254]",,TREE
2406.1028809235368,NETWORK_REQUEST,"[13,5]",73,"[8,2]","[0,254]",,TREE
2406.1029471478937,NETWORK_REQUEST,"[13,5]",63,"[8,254]","[0,254]",,TREE
2406.1029897882154,NETWORK_REQUEST,"[13,5]",53,None,"[0,254]",,TREE
2409.10473249553,NETWORK_REQUEST,"[11,4]",79,"[11,254]","[0,254]",,TREE
2409.104812102211,NETWORK_REQUEST,"[11,4]",69,"[7,3]","[0,254]",,TREE
2409.1048954967973,NETWORK_REQUEST,"[11,4]",58,"[7,254]","[0,254]",,TREE
2409.104973060795,NETWORK_REQUEST,"[11,4]",67,"[42,254]","[0,254]",,TREE
2409.105057401026,NETWORK_REQUEST,"[11,4]",57,"[17,254]","[0,254]",,TREE
2409.1051186891277,NETWORK_REQUEST,"[11,4]",47,"[5,3]","[0,254]",,TREE
2409.105181938466,NETWORK_REQUEST,"[11,4]",38,"[5,254]","[0,254]",,TREE
2409.105264563647,NETWORK_REQUEST,"[11,4]",28,"[0,3]","[0,254]",,TREE
2409.1053280878455,NETWORK_REQUEST,"[11,4]",18,"[0,254]","[0,254]",,DIRECT
2409.1054142459416,NETWORK_REPLY,"[0,254]",17,"[0,1]","[11,4]",,TREE
2409.105496347772,NETWORK_REPLY,"[0,254]",16,"[41,3]","[11,4]",,TREE
2409.106231718152,NETWORK_REQUEST,"[37,2]",87,"[37,254]","[0,254]",,TREE
2409.1063014629867,NETWORK_REQUEST,"[37,2]",86,None,"[0,254]",,TREE
2419.10473249553,NETWORK_REQUEST,"[11,4]",79,"[11,254]","[0,254]",,TREE
2419.104812102211,NETWORK_REQUEST,"[11,4]",69,"[7,3]","[0,254]",,TREE
2419.1048954967973,NETWORK_REQUEST,"[11,4]",58,"[7,254]","[0,254]",,TREE
2419.104973060795,NETWORK_REQUEST,"[11,4]",67,"[42,254]","[0,254]",,TREE
2419.105057401026,NETWORK_REQUEST,"[11,4]",57,"[17,254]","[0,254]",,TREE
2419.1051186891277,NETWORK_REQUEST,"[11,4]",47,"[5,3]","[0,254]",,TREE
2419.105181938466,NETWORK_REQUEST,"[11,4]",38,"[5,254]","[0,254]",,TREE
2419.105264563647,NETWORK_REQUEST,"[11,4]",28,"[0,3]","[0,254]",,TREE
2419.1053280878455,NETWORK_REQUEST,"[11,4]",18,"[0,254]","[0,254]",,DIRECT
2419.1054142459416,NETWORK_REPLY,"[0,254]",17,"[0,1]","[11,4]",,TREE
2419.105496347772,NETWORK_REPLY,"[0,254]",16,"[41,3]","[11,4]",,TREE
2419.106231718152,NETWORK_REQUEST,"[37,2]",87,"[37,254]","[0,254]",,TREE
2419.1063014629867,NETWORK_REQUEST,"[37,2]",86,None,"[0,254]",,TREE
2429.10473249553,NETWORK_REQUEST,"[11,4]",79,"[11,254]","[0,254]",,TREE
2429.104812102211,NETWORK_REQUEST,"[11,4]",69,"[7,3]","[0,254]",,TREE
2429.1048954967973,NETWORK_REQUEST,"[11,4]",58,"[7,254]","[0,254]",,TREE
2429.104973060795,NETWORK_REQUEST,"[11,4]",67,"[42,254]","[0,254]",,TREE
2429.105057401026,NETWORK_REQUEST,"[11,4]",57,"[17,254]","[0,254]",,TREE
2429.1051186891277,NETWORK_REQUEST,"[11,4]",47,"[5,3]","[0,254]",,TREE
2429.105181938466,NETWORK_REQUEST,"[11,4]",38,"[5,254]","[0,254]",,TREE
2429.105264563647,NETWORK_REQUEST,"[11,4]",28,"[0,3]","[0,254]",,TREE
2429.1053280878455,NETWORK_REQUEST,"[11,4]",18,"[0,254]","[0,254]",,DIRECT
2429.1054142459416,NETWORK_REPLY,"[0,254]",17,"[0,1]","[11,4]",,TREE
2429.105496347772,NETWORK_REPLY,"[0,254]",16,"[41,3]","[11,4]",,TREE
2429.106231718152,NETWORK_REQUEST,"[37,2]",87,"[37,254]","[0,254]",,TREE
2429.1063014629867,NETWORK_REQUEST,"[37,2]",86,None,"[0,254]",,TREE
2439.10473249553,NETWORK_REQUEST,"[11,4]",79,"[11,254]","[0,254]",,TREE
2439.104812102211,NETWORK_REQUEST,"[11,4]",69,"[7,3]","[0,254]",,TREE
2439.1048954967973,NETWORK_REQUEST,"[11,4]",58,"[7,254]","[0,254]",,TREE
2439.104973060795,NETWORK_REQUEST,"[11,4]",67,"[42,254]","[0,254]",,TREE
2439.105057401026,NETWORK_REQUEST,"[11,4]",57,"[17,254]","[0,254]",,TREE
2439.1051186891277,NETWORK_REQUEST,"[11,4]",47,"[5,3]","[0,254]",,TREE
2439.105181938466,NETWORK_REQUEST,"[11,4]",38,"[5,254]","[0,254]",,TREE
2439.105264563647,NETWORK_REQUEST,"[11,4]",28,"[0,3]","[0,254]",,TREE
2439.1053280878455,NETWORK_REQUEST,"[11,4]",18,"[0,254]","[0,254]",,DIRECT
2439.1054142459416,NETWORK_REPLY,"[0,254]",17,"[0,1]","[11,4]",,TREE
2439.105496347772,NETWORK_REPLY,"[0,254]",16,"[41,3]","[11,4]",,TREE
2439.106231718152,NETWORK_REQUEST,"[37,2]",87,"[37,254]","[0,254]",,TREE
2439.1063014629867,NETWORK_REQUEST,"[37,2]",86,None,"[0,254]",,TREE
2442.103219814198,NETWORK_REQUEST,"[15,3]",3,"[15,254]","[0,254]",,TREE
2442.103301123268,NETWORK_REQUEST,"[15,3]",4,None,"[0,254]",,TREE
2449.1047860391473,NETWORK_REQUEST,"[11,2]",68,"[11,254]","[0,254]",,TREE
2449.1048398441044,NETWORK_REQUEST,"[11,2]",69,"[7,3]","[0,254]",,TREE
2449.104923238691,NETWORK_REQUEST,"[11,2]",58,"[7,254]","[0,254]",,TREE
2449.1050008026887,NETWORK_REQUEST,"[11,2]",67,"[42,254]","[0,254]",,TREE
2449.1050851429195,NETWORK_REQUEST,"[11,2]",57,"[17,254]","[0,254]",,TREE
2449.1051464310212,NETWORK_REQUEST,"[11,2]",47,"[5,3]","[0,254]",,TREE
2449.1052096803596,NETWORK_REQUEST,"[11,2]",38,"[5,254]","[0,254]",,TREE
2449.1052923055404,NETWORK_REQUEST,"[11,2]",28,"[0,3]","[0,254]",,TREE
2452.103219814198,NETWORK_REQUEST,"[15,3]",3,"[15,254]","[0,254]",,TREE
2452.103301123268,NETWORK_REQUEST,"[15,3]",4,None,"[0,254]",,TREE
2459.1047860391473,NETWORK_REQUEST,"[11,2]",68,"[11,254]","[0,254]",,TREE
2459.1048398441044,NETWORK_REQUEST,"[11,2]",69,"[7,3]","[0,254]",,TREE
2459.1048511312306,NETWORK_REQUEST,"[18,2]",89,"[18,254]","[0,254]",,TREE
2459.104923238691,NETWORK_REQUEST,"[11,2]",58,"[7,254]","[0,254]",,TREE
2459.1050008026887,NETWORK_REQUEST,"[11,2]",67,"[42,254]","[0,254]",,TREE
2459.1050851429195,NETWORK_REQUEST,"[11,2]",57,"[17,254]","[0,254]",,TREE
2459.1051464310212,NETWORK_REQUEST,"[11,2]",47,"[5,3]","[0,254]",,TREE
2459.1052096803596,NETWORK_REQUEST,"[11,2]",38,"[5,254]","[0,254]",,TREE
2459.1052923055404,NETWORK_REQUEST,"[11,2]",28,"[0,3]","[0,254]",,TREE
2462.103219814198,NETWORK_REQUEST,"[15,3]",3,"[15,254]","[0,254]",,TREE
2462.103301123268,NETWORK_REQUEST,"[15,3]",4,None,"[0,254]",,TREE
2469.1047860391473,NETWORK_REQUEST,"[11,2]",68,"[11,254]","[0,254]",,TREE
2469.1048398441044,NETWORK_REQUEST,"[11,2]",69,"[7,3]","[0,254]",,TREE
2469.1048511312306,NETWORK_REQUEST,"[18,2]",89,"[18,254]","[0,254]",,TREE
2469.104923238691,NETWORK_REQUEST,"[11,2]",58,"[7,254]","[0,254]",,TREE
2469.1050008026887,NETWORK_REQUEST,"[11,2]",67,"[42,254]","[0,254]",,TREE
2469.1050851429195,NETWORK_REQUEST,"[11,2]",57,"[17,254]","[0,254]",,TREE
2469.1051464310212,NETWORK_REQUEST,"[11,2]",47,"[5,3]","[0,254]",,TREE
2469.1052096803596,NETWORK_REQUEST,"[11,2]",38,"[5,254]","[0,254]",,TREE
2469.1052923055404,NETWORK_REQUEST,"[11,2]",28,"[0,3]","[0,254]",,TREE
2469.1062594661043,NETWORK_REQUEST,"[37,4]",96,"[37,254]","[0,254]",,TREE
2469.1063410945203,NETWORK_REQUEST,"[37,4]",86,None,"[0,254]",,TREE
2472.103219814198,NETWORK_REQUEST,"[15,3]",3,"[15,254]","[0,254]",,TREE
2472.103301123268,NETWORK_REQUEST,"[15,3]",4,None,"[0,254]",,TREE
2479.1047860391473,NETWORK_REQUEST,"[11,2]",68,"[11,254]","[0,254]",,TREE
2479.1048398441044,NETWORK_REQUEST,"[11,2]",69,"[7,3]","[0,254]",,TREE
2479.1048511312306,NETWORK_REQUEST,"[18,2]",89,"[18,254]","[0,254]",,TREE
2479.104923238691,NETWORK_REQUEST,"[11,2]",58,"[7,254]","[0,254]",,TREE
2479.1050008026887,NETWORK_REQUEST,"[11,2]",67,"[42,254]","[0,254]",,TREE
2479.1050851429195,NETWORK_REQUEST,"[11,2]",57,"[17,254]","[0,254]",,TREE
2479.1051464310212,NETWORK_REQUEST,"[11,2]",47,"[5,3]","[0,254]",,TREE
2479.1052096803596,NETWORK_REQUEST,"[11,2]",38,"[5,254]","[0,254]",,TREE
2479.1052923055404,NETWORK_REQUEST,"[11,2]",28,"[0,3]","[0,254]",,TREE
2479.1062594661043,NETWORK_REQUEST,"[37,4]",96,"[37,254]","[0,254]",,TREE
2479.1063410945203,NETWORK_REQUEST,"[37,4]",86,None,"[0,254]",,TREE
2482.103219814198,NETWORK_REQUEST,"[15,3]",3,"[15,254]","[0,254]",,TREE
2482.103301123268,NETWORK_REQUEST,"[15,3]",4,None,"[0,254]",,TREE
2489.1047860391473,NETWORK_REQUEST,"[11,2]",68,"[11,254]","[0,254]",,TREE
2489.1048398441044,NETWORK_REQUEST,"[11,2]",69,"[7,3]","[0,254]",,TREE
2489.1048511312306,NETWORK_REQUEST,"[18,2]",89,"[18,254]","[0,254]",,TREE
2489.104923238691,NETWORK_REQUEST,"[11,2]",58,"[7,254]","[0,254]",,TREE
2489.1050008026887,NETWORK_REQUEST,"[11,2]",67,"[42,254]","[0,254]",,TREE
2489.1050851429195,NETWORK_REQUEST,"[11,2]",57,"[17,254]","[0,254]",,TREE
2489.1051464310212,NETWORK_REQUEST,"[11,2]",47,"[5,3]","[0,254]",,TREE
2489.1052096803596,NETWORK_REQUEST,"[11,2]",38,"[5,254]","[0,254]",,TREE
2489.1052923055404,NETWORK_REQUEST,"[11,2]",28,"[0,3]","[0,254]",,TREE
2489.1062594661043,NETWORK_REQUEST,"[37,4]",96,"[37,254]","[0,254]",,TREE
2489.1063410945203,NETWORK_REQUEST,"[37,4]",86,None,"[0,254]",,TREE
2491.1044861595024,NETWORK_REQUEST,"[26,2]",21,"[26,254]","[0,254]",,TREE
2491.1045672351825,NETWORK_REQUEST,"[26,2]",30,None,"[0,254]",,TREE
2492.103201262377,NETWORK_REQUEST,"[15,4]",13,"[15,254]","[0,254]",,TREE
2492.103287613991,NETWORK_REQUEST,"[15,4]",4,None,"[0,254]",,TREE
2499.104780395095,NETWORK_REQUEST,"[11,4]",79,"[11,254]","[0,254]",,TREE
2499.1048511312306,NETWORK_REQUEST,"[18,2]",89,"[18,254]","[0,254]",,TREE
2499.104860001776,NETWORK_REQUEST,"[11,4]",69,"[7,3]","[0,254]",,TREE
2499.1049433963626,NETWORK_REQUEST,"[11,4]",58,"[7,254]","[0,254]",,TREE
2499.1050209603604,NETWORK_REQUEST,"[11,4]",67,"[42,254]","[0,254]",,TREE
2499.1051053005913,NETWORK_REQUEST,"[11,4]",57,"[17,254]","[0,254]",,TREE
2499.105166588693,NETWORK_REQUEST,"[11,4]",47,"[5,3]","[0,254]",,TREE
2499.1052298380314,NETWORK_REQUEST,"[11,4]",38,"[5,254]","[0,254]",,TREE
2499.105312463212,NETWORK_REQUEST,"[11,4]",28,"[0,3]","[0,254]",,TREE
2501.1044861595024,NETWORK_REQUEST,"[26,2]",21,"[26,254]","[0,254]",,TREE
2501.1045672351825,NETWORK_REQUEST,"[26,2]",30,None,"[0,254]",,TREE
2502.103201262377,NETWORK_REQUEST,"[15,4]",13,"[15,254]","[0,254]",,TREE
2502.103287613991,NETWORK_REQUEST,"[15,4]",4,None,"[0,254]",,TREE
2509.104780395095,NETWORK_REQUEST,"[11,4]",79,"[11,254]","[0,254]",,TREE
2509.104860001776,NETWORK_REQUEST,"[11,4]",69,"[7,3]","[0,254]",,TREE
2509.1049433963626,NETWORK_REQUEST,"[11,4]",58,"[7,254]","[0,254]",,TREE
2509.1050209603604,NETWORK_REQUEST,"[11,4]",67,"[42,254]","[0,254]",,TREE
2509.1051053005913,NETWORK_REQUEST,"[11,4]",57,"[17,254]","[0,254]",,TREE
2509.105166588693,NETWORK_REQUEST,"[11,4]",47,"[5,3]","[0,254]",,TREE
2509.1052298380314,NETWORK_REQUEST,"[11,4]",38,"[5,254]","[0,254]",,TREE
2511.1044861595024,NETWORK_REQUEST,"[26,2]",21,"[26,254]","[0,254]",,TREE
2511.1045672351825,NETWORK_REQUEST,"[26,2]",30,None,"[0,254]",,TREE
2519.1035098965176,NETWORK_REQUEST,"[11,4]",79,"[11,254]","[0,254]",,TREE
2519.1035895031987,NETWORK_REQUEST,"[11,4]",69,"[7,3]","[0,254]",,TREE
2519.103672897785,NETWORK_REQUEST,"[11,4]",58,"[7,254]","[0,254]",,TREE
2519.103750461783,NETWORK_REQUEST,"[11,4]",67,"[42,254]","[0,254]",,TREE
2519.103834802014,NETWORK_REQUEST,"[11,4]",57,"[17,254]","[0,254]",,TREE
2519.1038960901155,NETWORK_REQUEST,"[11,4]",47,"[5,3]","[0,254]",,TREE
2519.103959339454,NETWORK_REQUEST,"[11,4]",38,"[5,254]","[0,254]",,TREE
2519.104780395095,NETWORK_REQUEST,"[11,4]",79,"[11,254]","[0,254]",,TREE
2519.104860001776,NETWORK_REQUEST,"[11,4]",69,"[7,3]","[0,254]",,TREE
2519.1049433963626,NETWORK_REQUEST,"[11,4]",58,"[7,254]","[0,254]",,TREE
2519.1050209603604,NETWORK_REQUEST,"[11,4]",67,"[42,254]","[0,254]",,TREE
2519.1051053005913,NETWORK_REQUEST,"[11,4]",57,"[17,254]","[0,254]",,TREE
2519.105166588693,NETWORK_REQUEST,"[11,4]",47,"[5,3]","[0,254]",,TREE
2519.1052298380314,NETWORK_REQUEST,"[11,4]",38,"[5,254]","[0,254]",,TREE
2521.1044861595024,NETWORK_REQUEST,"[26,2]",21,"[26,254]","[0,254]",,TREE
2521.1045672351825,NETWORK_REQUEST,"[26,2]",30,None,"[0,254]",,TREE
2529.1035098965176,NETWORK_REQUEST,"[11,4]",79,"[11,254]","[0,254]",,TREE
2529.1035895031987,NETWORK_REQUEST,"[11,4]",69,"[7,3]","[0,254]",,TREE
2529.103672897785,NETWORK_REQUEST,"[11,4]",58,"[7,254]","[0,254]",,TREE
2529.103750461783,NETWORK_REQUEST,"[11,4]",67,"[42,254]","[0,254]",,TREE
2529.103834802014,NETWORK_REQUEST,"[11,4]",57,"[17,254]","[0,254]",,TREE
2529.1038960901155,NETWORK_REQUEST,"[11,4]",47,"[5,3]","[0,254]",,TREE
2529.103959339454,NETWORK_REQUEST,"[11,4]",38,"[5,254]","[0,254]",,TREE
2529.104780395095,NETWORK_REQUEST,"[11,4]",79,"[11,254]","[0,254]",,TREE
2529.104860001776,NETWORK_REQUEST,"[11,4]",69,"[7,3]","[0,254]",,TREE
2529.1049433963626,NETWORK_REQUEST,"[11,4]",58,"[7,254]","[0,254]",,TREE
2529.1050209603604,NETWORK_REQUEST,"[11,4]",67,"[42,254]","[0,254]",,TREE
2529.1051053005913,NETWORK_REQUEST,"[11,4]",57,"[17,254]","[0,254]",,TREE
2529.105166588693,NETWORK_REQUEST,"[11,4]",47,"[5,3]","[0,254]",,TREE
2529.1052298380314,NETWORK_REQUEST,"[11,4]",38,"[5,254]","[0,254]",,TREE
2531.1044861595024,NETWORK_REQUEST,"[26,2]",21,"[26,254]","[0,254]",,TREE
2531.1045672351825,NETWORK_REQUEST,"[26,2]",30,None,"[0,254]",,TREE
2539.1035098965176,NETWORK_REQUEST,"[11,4]",79,"[11,254]","[0,254]",,TREE
2539.1035895031987,NETWORK_REQUEST,"[11,4]",69,"[7,3]","[0,254]",,TREE
2539.103672897785,NETWORK_REQUEST,"[11,4]",58,"[7,254]","[0,254]",,TREE
2539.103750461783,NETWORK_REQUEST,"[11,4]",67,"[42,254]","[0,254]",,TREE
2539.103834802014,NETWORK_REQUEST,"[11,4]",57,"[17,254]","[0,254]",,TREE
2539.1038960901155,NETWORK_REQUEST,"[11,4]",47,"[5,3]","[0,254]",,TREE
2539.103959339454,NETWORK_REQUEST,"[11,4]",38,"[5,254]","[0,254]",,TREE
2539.104780395095,NETWORK_REQUEST,"[11,4]",79,"[11,254]","[0,254]",,TREE
2539.104860001776,NETWORK_REQUEST,"[11,4]",69,"[7,3]","[0,254]",,TREE
2539.1049433963626,NETWORK_REQUEST,"[11,4]",58,"[7,254]","[0,254]",,TREE
2539.1050209603604,NETWORK_REQUEST,"[11,4]",67,"[42,254]","[0,254]",,TREE
2539.1051053005913,NETWORK_REQUEST,"[11,4]",57,"[17,254]","[0,254]",,TREE
2539.105166588693,NETWORK_REQUEST,"[11,4]",47,"[5,3]","[0,254]",,TREE
2539.1052298380314,NETWORK_REQUEST,"[11,4]",38,"[5,254]","[0,254]",,TREE
2547.1044428669366,NETWORK_REQUEST,"[10,2]",84,None,"[0,254]",,TREE
2549.1035098965176,NETWORK_REQUEST,"[11,4]",79,"[11,254]","[0,254]",,TREE
2549.1035895031987,NETWORK_REQUEST,"[11,4]",69,"[7,3]","[0,254]",,TREE
2549.103672897785,NETWORK_REQUEST,"[11,4]",58,"[7,254]","[0,254]",,TREE
2549.103750461783,NETWORK_REQUEST,"[11,4]",67,"[42,254]","[0,254]",,TREE
2549.103834802014,NETWORK_REQUEST,"[11,4]",57,"[17,254]","[0,254]",,TREE
2549.1038960901155,NETWORK_REQUEST,"[11,4]",47,"[5,3]","[0,254]",,TREE
2549.103959339454,NETWORK_REQUEST,"[11,4]",38,"[5,254]","[0,254]",,TREE
2557.1044428669366,NETWORK_REQUEST,"[10,2]",84,None,"[0,254]",,TREE
2559.1035098965176,NETWORK_REQUEST,"[11,4]",79,"[11,254]","[0,254]",,TREE
2559.1035895031987,NETWORK_REQUEST,"[11,4]",69,"[7,3]","[0,254]",,TREE
2559.103672897785,NETWORK_REQUEST,"[11,4]",58,"[7,254]","[0,254]",,TREE
2559.103750461783,NETWORK_REQUEST,"[11,4]",67,"[42,254]","[0,254]",,TREE
2559.103834802014,NETWORK_REQUEST,"[11,4]",57,"[17,254]","[0,254]",,TREE
2559.1038960901155,NETWORK_REQUEST,"[11,4]",47,"[5,3]","[0,254]",,TREE
2564.1042391495694,NETWORK_REQUEST,"[28,4]",71,"[28,254]","[0,254]",,TREE
2564.104308141385,NETWORK_REQUEST,"[28,4]",61,None,"[0,254]",,TREE
2567.1044428669366,NETWORK_REQUEST,"[10,2]",84,None,"[0,254]",,TREE
2570.1005595634883,NETWORK_REQUEST,"[32,4]",29,"[32,254]","[0,254]",,TREE
2570.1006084295695,NETWORK_REQUEST,"[32,4]",39,None,"[0,254]",,TREE
2574.1042391495694,NETWORK_REQUEST,"[28,4]",71,"[28,254]","[0,254]",,TREE
2574.104308141385,NETWORK_REQUEST,"[28,4]",61,None,"[0,254]",,TREE
2577.1044428669366,NETWORK_REQUEST,"[10,2]",84,None,"[0,254]",,TREE
2580.1005595634883,NETWORK_REQUEST,"[32,4]",29,"[32,254]","[0,254]",,TREE
2580.1006084295695,NETWORK_REQUEST,"[32,4]",39,None,"[0,254]",,TREE
2584.1042391495694,NETWORK_REQUEST,"[28,4]",71,"[28,254]","[0,254]",,TREE
2584.104308141385,NETWORK_REQUEST,"[28,4]",61,None,"[0,254]",,TREE
2587.1044428669366,NETWORK_REQUEST,"[10,2]",84,None,"[0,254]",,TREE
2590.1005595634883,NETWORK_REQUEST,"[32,4]",29,"[32,254]","[0,254]",,TREE
2590.1006084295695,NETWORK_REQUEST,"[32,4]",39,None,"[0,254]",,TREE
2594.1042391495694,NETWORK_REQUEST,"[28,4]",71,"[28,254]","[0,254]",,TREE
2594.104308141385,NETWORK_REQUEST,"[28,4]",61,None,"[0,254]",,TREE
2597.1044763871087,NETWORK_REQUEST,"[37,3]",85,"[37,254]","[0,254]",,TREE
2597.1045484947235,NETWORK_REQUEST,"[37,3]",86,None,"[0,254]",,TREE
2597.1058126533057,NETWORK_REQUEST,"[37,3]",85,"[37,254]","[0,254]",,TREE
2597.1058847609206,NETWORK_REQUEST,"[37,3]",86,None,"[0,254]",,TREE
2600.1005595634883,NETWORK_REQUEST,"[32,4]",29,"[32,254]","[0,254]",,TREE
2600.1006084295695,NETWORK_REQUEST,"[32,4]",39,None,"[0,254]",,TREE
2604.1042391495694,NETWORK_REQUEST,"[28,4]",71,"[28,254]","[0,254]",,TREE
2604.104308141385,NETWORK_REQUEST,"[28,4]",61,None,"[0,254]",,TREE
2607.1044763871087,NETWORK_REQUEST,"[37,3]",85,"[37,254]","[0,254]",,TREE
2607.1045484947235,NETWORK_REQUEST,"[37,3]",86,None,"[0,254]",,TREE
2607.1058126533057,NETWORK_REQUEST,"[37,3]",85,"[37,254]","[0,254]",,TREE
2607.1058847609206,NETWORK_REQUEST,"[37,3]",86,None,"[0,254]",,TREE
2610.1005764683136,NETWORK_REQUEST,"[17,4]",38,"[17,254]","[0,254]",,TREE
2610.100639717652,NETWORK_REQUEST,"[17,4]",47,None,"[0,254]",,TREE
2617.1044763871087,NETWORK_REQUEST,"[37,3]",85,"[37,254]","[0,254]",,TREE
2617.1045484947235,NETWORK_REQUEST,"[37,3]",86,None,"[0,254]",,TREE
2617.1058126533057,NETWORK_REQUEST,"[37,3]",85,"[37,254]","[0,254]",,TREE
2617.1058847609206,NETWORK_REQUEST,"[37,3]",86,None,"[0,254]",,TREE
2620.1005764683136,NETWORK_REQUEST,"[17,4]",38,"[17,254]","[0,254]",,TREE
2620.100639717652,NETWORK_REQUEST,"[17,4]",47,None,"[0,254]",,TREE
2630.1005764683136,NETWORK_REQUEST,"[17,4]",38,"[17,254]","[0,254]",,TREE
2630.100639717652,NETWORK_REQUEST,"[17,4]",47,None,"[0,254]",,TREE
2640.1005764683136,NETWORK_REQUEST,"[17,4]",38,"[17,254]","[0,254]",,TREE
2640.100639717652,NETWORK_REQUEST,"[17,4]",47,None,"[0,254]",,TREE
2647.104474793765,NETWORK_REQUEST,"[20,3]",83,"[20,254]","[0,254]",,TREE
2647.1045396484715,NETWORK_REQUEST,"[20,3]",93,None,"[0,254]",,TREE
2650.1005764683136,NETWORK_REQUEST,"[17,4]",38,"[17,254]","[0,254]",,TREE
2650.100639717652,NETWORK_REQUEST,"[17,4]",47,None,"[0,254]",,TREE
2657.104474793765,NETWORK_REQUEST,"[20,3]",83,"[20,254]","[0,254]",,TREE
2657.1045396484715,NETWORK_REQUEST,"[20,3]",93,None,"[0,254]",,TREE
2667.104474793765,NETWORK_REQUEST,"[20,3]",83,"[20,254]","[0,254]",,TREE
2667.1045396484715,NETWORK_REQUEST,"[20,3]",93,None,"[0,254]",,TREE
2677.104474793765,NETWORK_REQUEST,"[20,3]",83,"[20,254]","[0,254]",,TREE
2677.1045396484715,NETWORK_REQUEST,"[20,3]",93,None,"[0,254]",,TREE
2729.103338730766,NETWORK_REQUEST,"[37,5]",77,"[37,254]","[0,254]",,TREE
2739.103338730766,NETWORK_REQUEST,"[37,5]",77,"[37,254]","[0,254]",,TREE
2749.103338730766,NETWORK_REQUEST,"[37,5]",77,"[37,254]","[0,254]",,TREE
2759.103338730766,NETWORK_REQUEST,"[37,5]",77,"[37,254]","[0,254]",,TREE
2769.103338730766,NETWORK_REQUEST,"[37,5]",77,"[37,254]","[0,254]",,TREE
2779.10332276678,NETWORK_REQUEST,"[37,2]",87,"[37,254]","[0,254]",,TREE
2788.1060129651346,NETWORK_REQUEST,"[37,2]",87,"[37,254]","[0,254]",,TREE
2788.1061549353703,NETWORK_REQUEST,"[37,2]",87,"[37,254]","[0,254]",,TREE
2789.10332276678,NETWORK_REQUEST,"[37,2]",87,"[37,254]","[0,254]",,TREE
2798.1060129651346,NETWORK_REQUEST,"[37,2]",87,"[37,254]","[0,254]",,TREE
2798.1061549353703,NETWORK_REQUEST,"[37,2]",87,"[37,254]","[0,254]",,TREE
2799.10332276678,NETWORK_REQUEST,"[37,2]",87,"[37,254]","[0,254]",,TREE
2808.1060129651346,NETWORK_REQUEST,"[37,2]",87,"[37,254]","[0,254]",,TREE
2808.1061549353703,NETWORK_REQUEST,"[37,2]",87,"[37,254]","[0,254]",,TREE
2809.10332276678,NETWORK_REQUEST,"[37,2]",87,"[37,254]","[0,254]",,TREE
2818.1060129651346,NETWORK_REQUEST,"[37,2]",87,"[37,254]","[0,254]",,TREE
2818.1061549353703,NETWORK_REQUEST,"[37,2]",87,"[37,254]","[0,254]",,TREE
2819.10332276678,NETWORK_REQUEST,"[37,2]",87,"[37,254]","[0,254]",,TREE
2828.1060129651346,NETWORK_REQUEST,"[37,2]",87,"[37,254]","[0,254]",,TREE
2828.1061549353703,NETWORK_REQUEST,"[37,2]",87,"[37,254]","[0,254]",,TREE
2848.105776122322,NETWORK_REQUEST,"[25,2]",94,None,"[0,254]",,TREE
2858.105776122322,NETWORK_REQUEST,"[25,2]",94,None,"[0,254]",,TREE
2868.105776122322,NETWORK_REQUEST,"[25,2]",94,None,"[0,254]",,TREE
2878.105776122322,NETWORK_REQUEST,"[25,2]",94,None,"[0,254]",,TREE
2888.105776122322,NETWORK_REQUEST,"[25,2]",94,None,"[0,254]",,TREE
2984.1037807786183,NETWORK_REQUEST,"[26,4]",40,"[26,254]","[0,254]",,TREE
2984.1038207268048,NETWORK_REQUEST,"[26,4]",30,None,"[0,254]",,TREE
2994.1037807786183,NETWORK_REQUEST,"[26,4]",40,"[26,254]","[0,254]",,TREE
2994.1038207268048,NETWORK_REQUEST,"[26,4]",30,None,"[0,254]",,TREE
3004.1037807786183,NETWORK_REQUEST,"[26,4]",40,"[26,254]","[0,254]",,TREE
3004.1038207268048,NETWORK_REQUEST,"[26,4]",30,None,"[0,254]",,TREE
3014.1037807786183,NETWORK_REQUEST,"[26,4]",40,"[26,254]","[0,254]",,TREE
3014.1038207268048,NETWORK_REQUEST,"[26,4]",30,None,"[0,254]",,TREE
3024.1037807786183,NETWORK_REQUEST,"[26,4]",40,"[26,254]","[0,254]",,TREE
3024.1038207268048,NETWORK_REQUEST,"[26,4]",30,None,"[0,254]",,TREE
3050.101256110774,NETWORK_REQUEST,"[17,2]",37,"[17,254]","[0,254]",,TREE
3060.101256110774,NETWORK_REQUEST,"[17,2]",37,"[17,254]","[0,254]",,TREE
3070.101256110774,NETWORK_REQUEST,"[17,2]",37,"[17,254]","[0,254]",,TREE
3080.101256110774,NETWORK_REQUEST,"[17,2]",37,"[17,254]","[0,254]",,TREE
3090.101256110774,NETWORK_REQUEST,"[17,2]",37,"[17,254]","[0,254]",,TREE
3100.1012656954417,NETWORK_REQUEST,"[32,3]",48,"[32,254]","[0,254]",,TREE
3100.101353334495,NETWORK_REQUEST,"[32,3]",39,None,"[0,254]",,TREE
3110.1008394121786,NETWORK_REQUEST,"[32,3]",48,"[32,254]","[0,254]",,TREE
3110.100927051232,NETWORK_REQUEST,"[32,3]",39,None,"[0,254]",,TREE
3110.1012656954417,NETWORK_REQUEST,"[32,3]",48,"[32,254]","[0,254]",,TREE
3110.101353334495,NETWORK_REQUEST,"[32,3]",39,None,"[0,254]",,TREE
3120.1008394121786,NETWORK_REQUEST,"[32,3]",48,"[32,254]","[0,254]",,TREE
3120.100927051232,NETWORK_REQUEST,"[32,3]",39,None,"[0,254]",,TREE
3120.1012656954417,NETWORK_REQUEST,"[32,3]",48,"[32,254]","[0,254]",,TREE
3120.101353334495,NETWORK_REQUEST,"[32,3]",39,None,"[0,254]",,TREE
3130.1008394121786,NETWORK_REQUEST,"[32,3]",48,"[32,254]","[0,254]",,TREE
3130.100927051232,NETWORK_REQUEST,"[32,3]",39,None,"[0,254]",,TREE
3130.1012656954417,NETWORK_REQUEST,"[32,3]",48,"[32,254]","[0,254]",,TREE
3130.101353334495,NETWORK_REQUEST,"[32,3]",39,None,"[0,254]",,TREE
3140.1008394121786,NETWORK_REQUEST,"[32,3]",48,"[32,254]","[0,254]",,TREE
3140.100927051232,NETWORK_REQUEST,"[32,3]",39,None,"[0,254]",,TREE
3140.1012656954417,NETWORK_REQUEST,"[32,3]",48,"[32,254]","[0,254]",,TREE
3140.101353334495,NETWORK_REQUEST,"[32,3]",39,None,"[0,254]",,TREE
3150.1008394121786,NETWORK_REQUEST,"[32,3]",48,"[32,254]","[0,254]",,TREE
3150.100927051232,NETWORK_REQUEST,"[32,3]",39,None,"[0,254]",,TREE
3150.1012642231044,NETWORK_REQUEST,"[43,2]",57,"[43,254]","[0,254]",,TREE
3150.101332355504,NETWORK_REQUEST,"[43,2]",56,None,"[0,254]",,TREE
3160.1012642231044,NETWORK_REQUEST,"[43,2]",57,"[43,254]","[0,254]",,TREE
3160.101332355504,NETWORK_REQUEST,"[43,2]",56,None,"[0,254]",,TREE
3170.1012642231044,NETWORK_REQUEST,"[43,2]",57,"[43,254]","[0,254]",,TREE
3170.101332355504,NETWORK_REQUEST,"[43,2]",56,None,"[0,254]",,TREE
3180.1012642231044,NETWORK_REQUEST,"[43,2]",57,"[43,254]","[0,254]",,TREE
3180.101332355504,NETWORK_REQUEST,"[43,2]",56,None,"[0,254]",,TREE
3190.1012642231044,NETWORK_REQUEST,"[43,2]",57,"[43,254]","[0,254]",,TREE
3190.101332355504,NETWORK_REQUEST,"[43,2]",56,None,"[0,254]",,TREE
3284.9843063973235,NETWORK_REQUEST,"[34,3]",70,"[34,254]","[0,254]",,TREE
3284.984375978317,NETWORK_REQUEST,"[34,3]",80,None,"[0,254]",,TREE
3294.9843063973235,NETWORK_REQUEST,"[34,3]",70,"[34,254]","[0,254]",,TREE
3294.984375978317,NETWORK_REQUEST,"[34,3]",80,None,"[0,254]",,TREE
3295.1012009864053,NETWORK_REQUEST,"[31,2]",7,"[31,254]","[0,254]",,TREE
3304.9843063973235,NETWORK_REQUEST,"[34,3]",70,"[34,254]","[0,254]",,TREE
3304.984375978317,NETWORK_REQUEST,"[34,3]",80,None,"[0,254]",,TREE
3305.1012009864053,NETWORK_REQUEST,"[31,2]",7,"[31,254]","[0,254]",,TREE
3314.9843063973235,NETWORK_REQUEST,"[34,3]",70,"[34,254]","[0,254]",,TREE
3314.984375978317,NETWORK_REQUEST,"[34,3]",80,None,"[0,254]",,TREE
3315.1012009864053,NETWORK_REQUEST,"[31,2]",7,"[31,254]","[0,254]",,TREE
3324.9843063973235,NETWORK_REQUEST,"[34,3]",70,"[34,254]","[0,254]",,TREE
3324.984375978317,NETWORK_REQUEST,"[34,3]",80,None,"[0,254]",,TREE
3325.1012009864053,NETWORK_REQUEST,"[31,2]",7,"[31,254]","[0,254]",,TREE
3326.1077166226873,NETWORK_REQUEST,"[34,2]",90,"[34,254]","[0,254]",,TREE
3326.107806379892,NETWORK_REQUEST,"[34,2]",80,None,"[0,254]",,TREE
3335.1012009864053,NETWORK_REQUEST,"[31,2]",7,"[31,254]","[0,254]",,TREE
3336.1077166226873,NETWORK_REQUEST,"[34,2]",90,"[34,254]","[0,254]",,TREE
3336.107806379892,NETWORK_REQUEST,"[34,2]",80,None,"[0,254]",,TREE
3345.101199522624,NETWORK_REQUEST,"[31,3]",9,"[31,254]","[0,254]",,TREE
3346.1077166226873,NETWORK_REQUEST,"[34,2]",90,"[34,254]","[0,254]",,TREE
3346.107806379892,NETWORK_REQUEST,"[34,2]",80,None,"[0,254]",,TREE
3355.101199522624,NETWORK_REQUEST,"[31,3]",9,"[31,254]","[0,254]",,TREE
3356.1077166226873,NETWORK_REQUEST,"[34,2]",90,"[34,254]","[0,254]",,TREE
3356.107806379892,NETWORK_REQUEST,"[34,2]",80,None,"[0,254]",,TREE
3365.101199522624,NETWORK_REQUEST,"[31,3]",9,"[31,254]","[0,254]",,TREE
3366.1077166226873,NETWORK_REQUEST,"[34,2]",90,"[34,254]","[0,254]",,TREE
3366.107806379892,NETWORK_REQUEST,"[34,2]",80,None,"[0,254]",,TREE
3371.104478486181,NETWORK_REQUEST,"[15,3]",3,"[15,254]","[0,254]",,TREE
3375.101199522624,NETWORK_REQUEST,"[31,3]",9,"[31,254]","[0,254]",,TREE
3381.104478486181,NETWORK_REQUEST,"[15,3]",3,"[15,254]","[0,254]",,TREE
3385.101199522624,NETWORK_REQUEST,"[31,3]",9,"[31,254]","[0,254]",,TREE
3391.104478486181,NETWORK_REQUEST,"[15,3]",3,"[15,254]","[0,254]",,TREE
3401.104478486181,NETWORK_REQUEST,"[15,3]",3,"[15,254]","[0,254]",,TREE
3411.104478486181,NETWORK_REQUEST,"[15,3]",3,"[15,254]","[0,254]",,TREE
3421.104458551503,NETWORK_REQUEST,"[15,2]",5,"[15,254]","[0,254]",,TREE
3431.104458551503,NETWORK_REQUEST,"[15,2]",5,"[15,254]","[0,254]",,TREE
3441.104458551503,NETWORK_REQUEST,"[15,2]",5,"[15,254]","[0,254]",,TREE
3451.104458551503,NETWORK_REQUEST,"[15,2]",5,"[15,254]","[0,254]",,TREE
3461.104458551503,NETWORK_REQUEST,"[15,2]",5,"[15,254]","[0,254]",,TREE
